cluster	neighbor	dist	otu_id	Taxonomy	Level1	Level2	Level3	Level4	Level5	Level6	Level7
2	3	0.071519119	6	Eukaryota;Alveolata;Apicomplexa;Apicomplexa_X;Colpodellidae;Colpodellidae_X;Colpodella;__;__	Eukaryota	Alveolata	Apicomplexa	Apicomplexa_X	Colpodellidae	Colpodellidae_X	Colpodella
2	6	0.048895096	132	Eukaryota;Alveolata;Ciliophora;__;__;__;__;__;__	Eukaryota	Alveolata	Ciliophora	__	__	__	__
2	7	0.087585098	40	Eukaryota;Alveolata;Ciliophora;Oligohymenophorea;Peritrichia_2;Sessilida;Zoothamnium_1;__;__	Eukaryota	Alveolata	Ciliophora	Oligohymenophorea	Peritrichia_2	Sessilida	Zoothamnium_1
2	4	0.055957108	58	Eukaryota;Alveolata;Ciliophora;Oligohymenophorea;Scuticociliatia_2;Scuticociliatia_2_X;Protocyclidium;Protocyclidium_citrullus;	Eukaryota	Alveolata	Ciliophora	Oligohymenophorea	Scuticociliatia_2	Scuticociliatia_2_X	Protocyclidium
2	4	0.039931567	37	Eukaryota;Alveolata;Ciliophora;Oligohymenophorea;Peritrichia_2;Sessilida;Pseudovorticella;Pseudovorticella_punctata;	Eukaryota	Alveolata	Ciliophora	Oligohymenophorea	Peritrichia_2	Sessilida	Pseudovorticella
2	4	0.155906635	108	Eukaryota;Alveolata;Ciliophora;Spirotrichea;Strombidiida;Strombidiidae_K;Strombidium_K;Strombidium_triquetrum;	Eukaryota	Alveolata	Ciliophora	Spirotrichea	Strombidiida	Strombidiidae_K	Strombidium_K
2	7	0.100637591	130	Eukaryota;Alveolata;Ciliophora;Spirotrichea;Tintinnida;__;__;__;__	Eukaryota	Alveolata	Ciliophora	Spirotrichea	Tintinnida	__	__
2	7	0.090239549	77	Eukaryota;Alveolata;Ciliophora;Spirotrichea;Choreotrichida;Choreotrichida_X;Choreotrichida_XX;Choreotrichida_XX_sp.;	Eukaryota	Alveolata	Ciliophora	Spirotrichea	Choreotrichida	Choreotrichida_X	Choreotrichida_XX
2	3	0.099075798	186	Eukaryota;Alveolata;Dinoflagellata;Dinophyceae;Peridiniales;Amphidiniopsidaceae;Islandinium;Islandinium_tricingulatum;	Eukaryota	Alveolata	Dinoflagellata	Dinophyceae	Peridiniales	Amphidiniopsidaceae	Islandinium
2	7	0.05672331	134	Eukaryota;Alveolata;Dinoflagellata;Dinophyceae;Dinophyceae_X;Dinophyceae_XX;__;__;__	Eukaryota	Alveolata	Dinoflagellata	Dinophyceae	Dinophyceae_X	Dinophyceae_XX	__
2	7	0.056405641	199	Eukaryota;Alveolata;Dinoflagellata;Dinophyceae;Peridiniales;Thoracosphaeraceae;Pfiesteria;Pfiesteria_shumwayae;	Eukaryota	Alveolata	Dinoflagellata	Dinophyceae	Peridiniales	Thoracosphaeraceae	Pfiesteria
2	4	0.016072222	170	Eukaryota;Alveolata;Dinoflagellata;Dinophyceae;Gymnodiniales;Gymnodiniaceae;Gymnodinium;__;__	Eukaryota	Alveolata	Dinoflagellata	Dinophyceae	Gymnodiniales	Gymnodiniaceae	Gymnodinium
2	4	0.014798149	217	Eukaryota;Alveolata;Dinoflagellata;Dinophyceae;__;__;__;__;__	Eukaryota	Alveolata	Dinoflagellata	Dinophyceae	__	__	__
2	4	0.012898819	203	Eukaryota;Alveolata;Dinoflagellata;Dinophyceae;Peridiniales;Thoracosphaeraceae;__;__;__	Eukaryota	Alveolata	Dinoflagellata	Dinophyceae	Peridiniales	Thoracosphaeraceae	__
2	4	0.006780558	215	Eukaryota;Alveolata;Dinoflagellata;Dinophyceae;Suessiales;__;__;__;__	Eukaryota	Alveolata	Dinoflagellata	Dinophyceae	Suessiales	__	__
2	4	-0.009357578	211	Eukaryota;Alveolata;Dinoflagellata;Dinophyceae;Suessiales;Suessiaceae;Pelagodinium;Pelagodinium_beii;	Eukaryota	Alveolata	Dinoflagellata	Dinophyceae	Suessiales	Suessiaceae	Pelagodinium
2	4	-0.013267001	198	Eukaryota;Alveolata;Dinoflagellata;Dinophyceae;Peridiniales;Thoracosphaeraceae;Pfiesteria;Pfiesteria_piscicida;	Eukaryota	Alveolata	Dinoflagellata	Dinophyceae	Peridiniales	Thoracosphaeraceae	Pfiesteria
2	4	0.060690295	233	Eukaryota;Alveolata;Dinoflagellata;Syndiniales;Dino-Group-II;Dino-Group-II-Clade-4;Amoebophrya;Amoebophrya_ceratii;	Eukaryota	Alveolata	Dinoflagellata	Syndiniales	Dino-Group-II	Dino-Group-II-Clade-4	Amoebophrya
2	7	0.052295312	225	Eukaryota;Alveolata;Dinoflagellata;Syndiniales;Dino-Group-II;Dino-Group-II-Clade-1;Dino-Group-II-Clade-1_X;Dino-Group-II-Clade-1_X_sp.;	Eukaryota	Alveolata	Dinoflagellata	Syndiniales	Dino-Group-II	Dino-Group-II-Clade-1	Dino-Group-II-Clade-1_X
2	3	0.035433005	242	Eukaryota;Alveolata;Dinoflagellata;Syndiniales;Dino-Group-III;Dino-Group-III_X;Dino-Group-III_XX;Dino-Group-III_XX_sp.;	Eukaryota	Alveolata	Dinoflagellata	Syndiniales	Dino-Group-III	Dino-Group-III_X	Dino-Group-III_XX
2	5	0.026640136	221	Eukaryota;Alveolata;Dinoflagellata;Syndiniales;Dino-Group-I;Dino-Group-I-Clade-4;Dino-Group-I-Clade-4_X;Dino-Group-I-Clade-4_X_sp.;	Eukaryota	Alveolata	Dinoflagellata	Syndiniales	Dino-Group-I	Dino-Group-I-Clade-4	Dino-Group-I-Clade-4_X
2	7	0.050981137	260	Eukaryota;Apusozoa;Hilomonadea;Planomonadida;Planomonadidae;Planomonadidae_Group-1;__;__;__	Eukaryota	Apusozoa	Hilomonadea	Planomonadida	Planomonadidae	Planomonadidae_Group-1	__
2	7	-0.045022474	258	Eukaryota;Apusozoa;Hilomonadea;Planomonadida;Planomonadidae;Planomonadidae_Group-1;Planomonadidae_Group-1_X;Planomonadidae_Group-1_X_sp.;	Eukaryota	Apusozoa	Hilomonadea	Planomonadida	Planomonadidae	Planomonadidae_Group-1	Planomonadidae_Group-1_X
2	7	0.034043156	271	Eukaryota;Archaeplastida;Chlorophyta;Chlorophyceae;Sphaeropleales;Sphaeropleales_X;Desmodesmus;__;__	Eukaryota	Archaeplastida	Chlorophyta	Chlorophyceae	Sphaeropleales	Sphaeropleales_X	Desmodesmus
2	7	0.004220591	267	Eukaryota;Archaeplastida;Chlorophyta;Chlorophyceae;Chlamydomonadales;Chlamydomonadales_X;Chlamydomonas;Chlamydomonas_hedleyi;	Eukaryota	Archaeplastida	Chlorophyta	Chlorophyceae	Chlamydomonadales	Chlamydomonadales_X	Chlamydomonas
2	7	0.108066315	274	Eukaryota;Archaeplastida;Chlorophyta;Mamiellophyceae;Dolichomastigales;Crustomastigaceae;Crustomastix;__;__	Eukaryota	Archaeplastida	Chlorophyta	Mamiellophyceae	Dolichomastigales	Crustomastigaceae	Crustomastix
2	3	0.048045173	280	Eukaryota;Archaeplastida;Chlorophyta;Mamiellophyceae;Mamiellales;Bathycoccaceae;Ostreococcus;Ostreococcus_clade_B;	Eukaryota	Archaeplastida	Chlorophyta	Mamiellophyceae	Mamiellales	Bathycoccaceae	Ostreococcus
2	1	0.001059794	293	Eukaryota;Archaeplastida;Chlorophyta;Palmophyllophyceae;Prasinococcales;Prasinococcales-Clade-B;Prasinococcales-Clade-B_X;Prasinococcales-Clade-B1_X_sp.;	Eukaryota	Archaeplastida	Chlorophyta	Palmophyllophyceae	Prasinococcales	Prasinococcales-Clade-B	Prasinococcales-Clade-B_X
2	3	-0.008158262	294	Eukaryota;Archaeplastida;Chlorophyta;Palmophyllophyceae;Prasinococcales;Prasinococcales-Clade-B;Prasinoderma;Prasinoderma_coloniale;	Eukaryota	Archaeplastida	Chlorophyta	Palmophyllophyceae	Prasinococcales	Prasinococcales-Clade-B	Prasinoderma
2	3	0.048499359	298	Eukaryota;Archaeplastida;Chlorophyta;Prasino-Clade-V;Pseudoscourfieldiales;Pycnococcaceae;Pycnococcaceae-clade1;Pycnococcaceae-clade1-sp.;	Eukaryota	Archaeplastida	Chlorophyta	Prasino-Clade-V	Pseudoscourfieldiales	Pycnococcaceae	Pycnococcaceae-clade1
2	4	0.022580139	308	Eukaryota;Archaeplastida;Chlorophyta;Pyramimonadales;Pyramimonadales_X;Pyramimonadales_XX;Pyramimonas;Pyramimonas_aurea;	Eukaryota	Archaeplastida	Chlorophyta	Pyramimonadales	Pyramimonadales_X	Pyramimonadales_XX	Pyramimonas
2	7	-0.011444224	305	Eukaryota;Archaeplastida;Chlorophyta;Pyramimonadales;Pyramimonadales_X;Pyramimonadales_XX;Pterosperma;Pterosperma_sp.;	Eukaryota	Archaeplastida	Chlorophyta	Pyramimonadales	Pyramimonadales_X	Pyramimonadales_XX	Pterosperma
2	7	0.056774717	322	Eukaryota;Archaeplastida;Chlorophyta;Trebouxiophyceae;Watanabea-Clade;Watanabea-Clade_X;Apatococcus;Apatococcus_lobatus;	Eukaryota	Archaeplastida	Chlorophyta	Trebouxiophyceae	Watanabea-Clade	Watanabea-Clade_X	Apatococcus
2	6	0.00924861	315	Eukaryota;Archaeplastida;Chlorophyta;Trebouxiophyceae;Chlorellales;Chlorellales_X;Picochlorum;Picochlorum_oculatum;	Eukaryota	Archaeplastida	Chlorophyta	Trebouxiophyceae	Chlorellales	Chlorellales_X	Picochlorum
2	7	0.035569608	335	Eukaryota;Archaeplastida;Streptophyta;Embryophyceae;Embryophyceae_X;Embryophyceae_XX;Brachypodium;Brachypodium_distachyon;	Eukaryota	Archaeplastida	Streptophyta	Embryophyceae	Embryophyceae_X	Embryophyceae_XX	Brachypodium
2	7	0.030470603	339	Eukaryota;Archaeplastida;Streptophyta;Embryophyceae;Embryophyceae_X;Embryophyceae_XX;Pinus;__;__	Eukaryota	Archaeplastida	Streptophyta	Embryophyceae	Embryophyceae_X	Embryophyceae_XX	Pinus
2	7	0.053367504	350	Eukaryota;Hacrobia;Centroheliozoa;Centroheliozoa_X;Centroheliozoa_XX;Centroheliozoa_XXX;Centroheliozoa_XXXX;Centroheliozoa_XXXX_sp.;	Eukaryota	Hacrobia	Centroheliozoa	Centroheliozoa_X	Centroheliozoa_XX	Centroheliozoa_XXX	Centroheliozoa_XXXX
2	4	0.039525551	366	Eukaryota;Hacrobia;Cryptophyta;Cryptophyceae;Cryptophyceae_X;Cryptomonadales;__;__;__	Eukaryota	Hacrobia	Cryptophyta	Cryptophyceae	Cryptophyceae_X	Cryptomonadales	__
2	4	0.0271887	359	Eukaryota;Hacrobia;Cryptophyta;Cryptophyceae;Cryptophyceae_X;Cryptomonadales;Hemiselmis;__;__	Eukaryota	Hacrobia	Cryptophyta	Cryptophyceae	Cryptophyceae_X	Cryptomonadales	Hemiselmis
2	7	0.05986314	380	Eukaryota;Hacrobia;Haptophyta;Prymnesiophyceae;Prymnesiales;Chrysochromulinaceae;Chrysochromulina;Chrysochromulina_rotalis;	Eukaryota	Hacrobia	Haptophyta	Prymnesiophyceae	Prymnesiales	Chrysochromulinaceae	Chrysochromulina
2	3	0.046114345	384	Eukaryota;Hacrobia;Haptophyta;Prymnesiophyceae;Prymnesiales;Chrysochromulinaceae;Chrysochromulina;Chrysochromulina_throndsenii;	Eukaryota	Hacrobia	Haptophyta	Prymnesiophyceae	Prymnesiales	Chrysochromulinaceae	Chrysochromulina
2	4	-0.009679231	379	Eukaryota;Hacrobia;Haptophyta;Prymnesiophyceae;Prymnesiales;Chrysochromulinaceae;Chrysochromulina;Chrysochromulina_acantha;	Eukaryota	Hacrobia	Haptophyta	Prymnesiophyceae	Prymnesiales	Chrysochromulinaceae	Chrysochromulina
2	4	0.067571767	395	Eukaryota;Hacrobia;Katablepharidophyta;Katablepharidaceae;Katablepharidales;Katablepharidales_X;Leucocryptos;Leucocryptos_marina;	Eukaryota	Hacrobia	Katablepharidophyta	Katablepharidaceae	Katablepharidales	Katablepharidales_X	Leucocryptos
2	3	0.076937823	425	Eukaryota;Opisthokonta;Choanoflagellida;Choanoflagellatea;Craspedida;Monosigidae_Group_M;Monosigidae_Group_M_X;Monosigidae_Group_M_X_sp.;	Eukaryota	Opisthokonta	Choanoflagellida	Choanoflagellatea	Craspedida	Monosigidae_Group_M	Monosigidae_Group_M_X
2	3	0.056813519	419	Eukaryota;Opisthokonta;Choanoflagellida;Choanoflagellatea;Acanthoecida;Stephanoecidae_Group_I;Stephanoecidae_Group_I_X;Stephanoecidae_Group_I_X_sp.;	Eukaryota	Opisthokonta	Choanoflagellida	Choanoflagellatea	Acanthoecida	Stephanoecidae_Group_I	Stephanoecidae_Group_I_X
2	4	0.039484447	418	Eukaryota;Opisthokonta;Choanoflagellida;Choanoflagellatea;Acanthoecida;Stephanoecidae_Group_H;__;__;__	Eukaryota	Opisthokonta	Choanoflagellida	Choanoflagellatea	Acanthoecida	Stephanoecidae_Group_H	__
2	7	0.027220946	410	Eukaryota;Opisthokonta;Choanoflagellida;Choanoflagellatea;Acanthoecida;Acanthoecidae_Group_G;Acanthoecidae_Group_G_X;Acanthoecidae_Group_G_X_sp.;	Eukaryota	Opisthokonta	Choanoflagellida	Choanoflagellatea	Acanthoecida	Acanthoecidae_Group_G	Acanthoecidae_Group_G_X
2	4	0.026925882	413	Eukaryota;Opisthokonta;Choanoflagellida;Choanoflagellatea;Acanthoecida;Stephanoecidae_Group_D;Stephanoecidae_Group_D_X;Stephanoecidae_Group_D_X_sp.;	Eukaryota	Opisthokonta	Choanoflagellida	Choanoflagellatea	Acanthoecida	Stephanoecidae_Group_D	Stephanoecidae_Group_D_X
2	4	-0.005442313	420	Eukaryota;Opisthokonta;Choanoflagellida;Choanoflagellatea;Acanthoecida;__;__;__;__	Eukaryota	Opisthokonta	Choanoflagellida	Choanoflagellatea	Acanthoecida	__	__
2	3	0.040424363	443	Eukaryota;Opisthokonta;Fungi;Chytridiomycota;Chytridiomycotina;Chytridiomycetes;Powellomycetaceae;Powellomycetaceae_sp.;	Eukaryota	Opisthokonta	Fungi	Chytridiomycota	Chytridiomycotina	Chytridiomycetes	Powellomycetaceae
2	3	0.000848846	450	Eukaryota;Opisthokonta;Fungi;Chytridiomycota;Chytridiomycotina;Chytridiomycetes;__;__;__	Eukaryota	Opisthokonta	Fungi	Chytridiomycota	Chytridiomycotina	Chytridiomycetes	__
2	7	0.106048967	457	Eukaryota;Opisthokonta;Mesomycetozoa;Ichthyosporea;Ichthyosphonida;Abeoformidae_Group_MAIP_2;Abeoformidae_Group_MAIP_2_X;Abeoformidae_Group_MAIP_2_X_sp.;	Eukaryota	Opisthokonta	Mesomycetozoa	Ichthyosporea	Ichthyosphonida	Abeoformidae_Group_MAIP_2	Abeoformidae_Group_MAIP_2_X
2	7	0.096014797	456	Eukaryota;Opisthokonta;Mesomycetozoa;Ichthyosporea;Ichthyosphonida;Abeoformidae_Group_MAIP_1;Abeoformidae_Group_MAIP_1_X;Abeoformidae_Group_MAIP_1_X_sp.;	Eukaryota	Opisthokonta	Mesomycetozoa	Ichthyosporea	Ichthyosphonida	Abeoformidae_Group_MAIP_1	Abeoformidae_Group_MAIP_1_X
2	4	0.076691194	471	Eukaryota;Opisthokonta;Metazoa;Annelida;Annelida_X;Annelida_XX;Pectinaria;Pectinaria_gouldii;	Eukaryota	Opisthokonta	Metazoa	Annelida	Annelida_X	Annelida_XX	Pectinaria
2	3	-0.014137654	466	Eukaryota;Opisthokonta;Metazoa;Annelida;Annelida_X;Annelida_XX;Eteone;Eteone_picta;	Eukaryota	Opisthokonta	Metazoa	Annelida	Annelida_X	Annelida_XX	Eteone
2	4	0.119001153	482	Eukaryota;Opisthokonta;Metazoa;Arthropoda;Crustacea;Maxillopoda;Cyclopina;Cyclopina_gracilis;	Eukaryota	Opisthokonta	Metazoa	Arthropoda	Crustacea	Maxillopoda	Cyclopina
2	1	0.030438348	487	Eukaryota;Opisthokonta;Metazoa;Arthropoda;Crustacea;Maxillopoda;Maxillopoda_X;Maxillopoda_X_sp.;	Eukaryota	Opisthokonta	Metazoa	Arthropoda	Crustacea	Maxillopoda	Maxillopoda_X
2	7	-0.025609447	478	Eukaryota;Opisthokonta;Metazoa;Arthropoda;Crustacea;Maxillopoda;Acartia;Acartia_tonsa;	Eukaryota	Opisthokonta	Metazoa	Arthropoda	Crustacea	Maxillopoda	Acartia
2	4	0.085220247	502	Eukaryota;Opisthokonta;Metazoa;Mollusca;Bivalvia;Heteroconchia;Gemma;Gemma_gemma;	Eukaryota	Opisthokonta	Metazoa	Mollusca	Bivalvia	Heteroconchia	Gemma
2	7	0.081512131	505	Eukaryota;Opisthokonta;Metazoa;Mollusca;Bivalvia;Heteroconchia;Mulinia;Mulinia_lateralis;	Eukaryota	Opisthokonta	Metazoa	Mollusca	Bivalvia	Heteroconchia	Mulinia
2	3	0.016815173	510	Eukaryota;Opisthokonta;Metazoa;Mollusca;Gastropoda;Heterobranchia;__;__;__	Eukaryota	Opisthokonta	Metazoa	Mollusca	Gastropoda	Heterobranchia	__
2	4	0.065608495	511	Eukaryota;Opisthokonta;Metazoa;Myxozoa;Myxozoa_X;Myxosporea;Ellipsomyxa;__;__	Eukaryota	Opisthokonta	Metazoa	Myxozoa	Myxozoa_X	Myxosporea	Ellipsomyxa
2	5	0.007561905	520	Eukaryota;Opisthokonta;Metazoa;Platyhelminthes;Turbellaria;Polycladida;Paraplanocera;Paraplanocera_oligoglena;	Eukaryota	Opisthokonta	Metazoa	Platyhelminthes	Turbellaria	Polycladida	Paraplanocera
2	4	0.020012849	553	Eukaryota;Rhizaria;Cercozoa;Filosa-Imbricatea;Euglyphida;Paulinellidae;Paulinella;Paulinella_sp.;	Eukaryota	Rhizaria	Cercozoa	Filosa-Imbricatea	Euglyphida	Paulinellidae	Paulinella
2	7	0.073893527	578	Eukaryota;Rhizaria;Cercozoa;Filosa-Thecofilosea;Ebriida;TAGIRI1-lineage;TAGIRI1-lineage_X;TAGIRI1-lineage_X_sp.;	Eukaryota	Rhizaria	Cercozoa	Filosa-Thecofilosea	Ebriida	TAGIRI1-lineage	TAGIRI1-lineage_X
2	3	0.064773363	582	Eukaryota;Rhizaria;Cercozoa;Filosa-Thecofilosea;Filosa-Thecofilosea_X;Mataza-lineage;Mataza;Mataza_hastifera;	Eukaryota	Rhizaria	Cercozoa	Filosa-Thecofilosea	Filosa-Thecofilosea_X	Mataza-lineage	Mataza
2	4	0.032269659	570	Eukaryota;Rhizaria;Cercozoa;Filosa-Thecofilosea;Cryomonadida;Protaspa-lineage;Protaspa;__;__	Eukaryota	Rhizaria	Cercozoa	Filosa-Thecofilosea	Cryomonadida	Protaspa-lineage	Protaspa
2	1	0.030438348	583	Eukaryota;Rhizaria;Cercozoa;Filosa-Thecofilosea;Ventricleftida;CCW10-lineage;CCW10-lineage_X;CCW10-lineage_X_sp.;	Eukaryota	Rhizaria	Cercozoa	Filosa-Thecofilosea	Ventricleftida	CCW10-lineage	CCW10-lineage_X
2	3	0.099095054	647	Eukaryota;Stramenopiles;Ochrophyta;Bacillariophyta;Bacillariophyta_X;Raphid-pennate;Nitzschia;Nitzschia_communis;	Eukaryota	Stramenopiles	Ochrophyta	Bacillariophyta	Bacillariophyta_X	Raphid-pennate	Nitzschia
2	7	0.052828982	605	Eukaryota;Stramenopiles;Ochrophyta;Bacillariophyta;Bacillariophyta_X;Polar-centric-Mediophyceae;Cyclotella;__;__	Eukaryota	Stramenopiles	Ochrophyta	Bacillariophyta	Bacillariophyta_X	Polar-centric-Mediophyceae	Cyclotella
2	3	0.048355388	616	Eukaryota;Stramenopiles;Ochrophyta;Bacillariophyta;Bacillariophyta_X;Polar-centric-Mediophyceae;Thalassiosira;__;__	Eukaryota	Stramenopiles	Ochrophyta	Bacillariophyta	Bacillariophyta_X	Polar-centric-Mediophyceae	Thalassiosira
2	3	0.040845101	617	Eukaryota;Stramenopiles;Ochrophyta;Bacillariophyta;Bacillariophyta_X;Polar-centric-Mediophyceae;__;__;__	Eukaryota	Stramenopiles	Ochrophyta	Bacillariophyta	Bacillariophyta_X	Polar-centric-Mediophyceae	__
2	4	0.039136715	632	Eukaryota;Stramenopiles;Ochrophyta;Bacillariophyta;Bacillariophyta_X;Raphid-pennate;Cylindrotheca;Cylindrotheca_closterium;	Eukaryota	Stramenopiles	Ochrophyta	Bacillariophyta	Bacillariophyta_X	Raphid-pennate	Cylindrotheca
2	3	0.010916596	593	Eukaryota;Stramenopiles;Ochrophyta;Bacillariophyta;Bacillariophyta_X;Araphid-pennate;__;__;__	Eukaryota	Stramenopiles	Ochrophyta	Bacillariophyta	Bacillariophyta_X	Araphid-pennate	__
2	1	-0.00412084	643	Eukaryota;Stramenopiles;Ochrophyta;Bacillariophyta;Bacillariophyta_X;Raphid-pennate;Navicula;Navicula_perminuta;	Eukaryota	Stramenopiles	Ochrophyta	Bacillariophyta	Bacillariophyta_X	Raphid-pennate	Navicula
2	4	0.021348196	660	Eukaryota;Stramenopiles;Ochrophyta;Bolidophyceae;Parmales;Parmales_X;Parmales_XX;Parmales_XX_sp.;	Eukaryota	Stramenopiles	Ochrophyta	Bolidophyceae	Parmales	Parmales_X	Parmales_XX
2	7	0.095407483	680	Eukaryota;Stramenopiles;Ochrophyta;Chrysophyceae;Chrysophyceae_X;Chrysophyceae_Clade-F;Paraphysomonas;Paraphysomonas_sp.;	Eukaryota	Stramenopiles	Ochrophyta	Chrysophyceae	Chrysophyceae_X	Chrysophyceae_Clade-F	Paraphysomonas
2	7	0.062910594	684	Eukaryota;Stramenopiles;Ochrophyta;Chrysophyceae;Chrysophyceae_X;Chrysophyceae_Clade-G;Chrysophyceae_Clade-G_X;Chrysophyceae_Clade-G_X_sp.;	Eukaryota	Stramenopiles	Ochrophyta	Chrysophyceae	Chrysophyceae_X	Chrysophyceae_Clade-G	Chrysophyceae_Clade-G_X
2	3	0.05999768	668	Eukaryota;Stramenopiles;Ochrophyta;Chrysophyceae;Chrysophyceae_X;Chrysophyceae_Clade-C;Chrysophyceae_Clade-C_X;Chrysophyceae_Clade-C_X_sp.;	Eukaryota	Stramenopiles	Ochrophyta	Chrysophyceae	Chrysophyceae_X	Chrysophyceae_Clade-C	Chrysophyceae_Clade-C_X
2	4	0.029004386	675	Eukaryota;Stramenopiles;Ochrophyta;Chrysophyceae;Chrysophyceae_X;Chrysophyceae_Clade-F;Chrysophyceae_Clade-F_X;Chrysophyceae_Clade-F_X_sp.;	Eukaryota	Stramenopiles	Ochrophyta	Chrysophyceae	Chrysophyceae_X	Chrysophyceae_Clade-F	Chrysophyceae_Clade-F_X
2	4	0.110872868	703	Eukaryota;Stramenopiles;Ochrophyta;Eustigmatophyceae;Eustigmatophyceae_X;Eustigmatophyceae_XX;Nannochloropsis;__;__	Eukaryota	Stramenopiles	Ochrophyta	Eustigmatophyceae	Eustigmatophyceae_X	Eustigmatophyceae_XX	Nannochloropsis
2	4	-0.003415093	713	Eukaryota;Stramenopiles;Ochrophyta;Raphidophyceae;Raphidophyceae_X;Raphidophyceae_XX;__;__;__	Eukaryota	Stramenopiles	Ochrophyta	Raphidophyceae	Raphidophyceae_X	Raphidophyceae_XX	__
2	4	-0.017465622	723	Eukaryota;Stramenopiles;Stramenopiles_X;Bicoecea;Bicoecales;Bicoecaceae;Halocafeteria;Halocafeteria_sp.;	Eukaryota	Stramenopiles	Stramenopiles	Bicoecea	Bicoecales	Bicoecaceae	Halocafeteria
2	7	-0.028203413	722	Eukaryota;Stramenopiles;Stramenopiles_X;Bicoecea;Bicoecales;Bicoecaceae;Bicosoeca;Bicosoeca_vacillans;	Eukaryota	Stramenopiles	Stramenopiles	Bicoecea	Bicoecales	Bicoecaceae	Bicosoeca
2	7	0.037187791	738	Eukaryota;Stramenopiles;Stramenopiles_X;Labyrinthulea;Thraustochytriales;Thraustochytriaceae;Schizochytrium;Schizochytrium_minutum;	Eukaryota	Stramenopiles	Stramenopiles	Labyrinthulea	Thraustochytriales	Thraustochytriaceae	Schizochytrium
2	7	0.101816481	761	Eukaryota;Stramenopiles;Stramenopiles_X;MAST;MAST-4;MAST-4D;MAST-4D_X;MAST-4D_X_sp.;	Eukaryota	Stramenopiles	Stramenopiles	MAST	MAST-4	MAST-4D	MAST-4D_X
2	3	0.108797018	770	Eukaryota;Stramenopiles;Stramenopiles_X;MOCH;MOCH-5;MOCH-5_X;MOCH-5_XX;MOCH-5_XX_sp.;	Eukaryota	Stramenopiles	Stramenopiles	MOCH	MOCH-5	MOCH-5_X	MOCH-5_XX
2	3	0.038820343	778	Eukaryota;Stramenopiles;Stramenopiles_X;Oomycota;Oomycota_X;Peronosporales;Peronosporales_X;Peronosporales_X_sp.;	Eukaryota	Stramenopiles	Stramenopiles	Oomycota	Oomycota_X	Peronosporales	Peronosporales_X
3	7	-0.007724737	790	Eukaryota;__;__;__;__;__;__;__;__	Eukaryota	__	Other	__	__	__	__
3	4	0.050676606	9	Eukaryota;Alveolata;Apicomplexa;Apicomplexa_X;Gregarines;Gregarines_X;Gregarinidae;Gregarinidae_sp.;	Eukaryota	Alveolata	Apicomplexa	Apicomplexa_X	Gregarines	Gregarines_X	Gregarinidae
3	7	0.016134527	10	Eukaryota;Alveolata;Apicomplexa;Apicomplexa_X;Gregarines;Gregarines_X;Monocystis;Monocystis_agilis;	Eukaryota	Alveolata	Apicomplexa	Apicomplexa_X	Gregarines	Gregarines_X	Monocystis
3	7	0.01899096	19	Eukaryota;Alveolata;Ciliophora;CONThreeP;CONThreeP_X;CONThreeP_XX;Askenasia;Askenasia_sp.;	Eukaryota	Alveolata	Ciliophora	CONThreeP	CONThreeP_X	CONThreeP_XX	Askenasia
3	6	0.019399296	39	Eukaryota;Alveolata;Ciliophora;Oligohymenophorea;Peritrichia_2;Sessilida;Zoothamnium_1;Zoothamnium_bucciniiformum;	Eukaryota	Alveolata	Ciliophora	Oligohymenophorea	Peritrichia_2	Sessilida	Zoothamnium_1
3	2	0.044694332	80	Eukaryota;Alveolata;Ciliophora;Spirotrichea;Choreotrichida;Strobilidiidae_A;Rimostrombidium_A;Rimostrombidium_A_sp.;	Eukaryota	Alveolata	Ciliophora	Spirotrichea	Choreotrichida	Strobilidiidae_A	Rimostrombidium_A
3	1	0.003821648	92	Eukaryota;Alveolata;Ciliophora;Spirotrichea;Euplotia;__;__;__;__	Eukaryota	Alveolata	Ciliophora	Spirotrichea	Euplotia	__	__
3	2	-0.011657349	99	Eukaryota;Alveolata;Ciliophora;Spirotrichea;Strombidiida;Strombidiidae;Strombidium;Strombidium_conicum;	Eukaryota	Alveolata	Ciliophora	Spirotrichea	Strombidiida	Strombidiidae	Strombidium
3	1	-0.043436176	120	Eukaryota;Alveolata;Ciliophora;Spirotrichea;Strombidiida;__;__;__;__	Eukaryota	Alveolata	Ciliophora	Spirotrichea	Strombidiida	__	__
3	6	0.046797733	190	Eukaryota;Alveolata;Dinoflagellata;Dinophyceae;Peridiniales;Heterocapsaceae;Heterocapsa;Heterocapsa_rotundata;	Eukaryota	Alveolata	Dinoflagellata	Dinophyceae	Peridiniales	Heterocapsaceae	Heterocapsa
3	2	0.02946551	135	Eukaryota;Alveolata;Dinoflagellata;Dinophyceae;Dinophysiales;Dinophysiaceae;Dinophysis;__;__	Eukaryota	Alveolata	Dinoflagellata	Dinophyceae	Dinophysiales	Dinophysiaceae	Dinophysis
3	6	0.029041433	172	Eukaryota;Alveolata;Dinoflagellata;Dinophyceae;Gymnodiniales;Gymnodiniaceae;Gyrodinium;Gyrodinium_helveticum;	Eukaryota	Alveolata	Dinoflagellata	Dinophyceae	Gymnodiniales	Gymnodiniaceae	Gyrodinium
3	4	0.021262238	175	Eukaryota;Alveolata;Dinoflagellata;Dinophyceae;Gymnodiniales;Gymnodiniaceae;Paragymnodinium;Paragymnodinium_shiwhaense;	Eukaryota	Alveolata	Dinoflagellata	Dinophyceae	Gymnodiniales	Gymnodiniaceae	Paragymnodinium
3	2	0.009712283	209	Eukaryota;Alveolata;Dinoflagellata;Dinophyceae;Suessiales;Suessiaceae;Ansanella;Ansanella_granifera;	Eukaryota	Alveolata	Dinoflagellata	Dinophyceae	Suessiales	Suessiaceae	Ansanella
3	2	0.009166862	210	Eukaryota;Alveolata;Dinoflagellata;Dinophyceae;Suessiales;Suessiaceae;Biecheleria;__;__	Eukaryota	Alveolata	Dinoflagellata	Dinophyceae	Suessiales	Suessiaceae	Biecheleria
3	1	-0.046858502	183	Eukaryota;Alveolata;Dinoflagellata;Dinophyceae;Gymnodiniales;Warnowiaceae;__;__;__	Eukaryota	Alveolata	Dinoflagellata	Dinophyceae	Gymnodiniales	Warnowiaceae	__
3	7	0.033001164	237	Eukaryota;Alveolata;Dinoflagellata;Syndiniales;Dino-Group-II;Dino-Group-II-Clade-57;Dino-Group-II-Clade-57_X;Dino-Group-II-Clade-57_X_sp.;	Eukaryota	Alveolata	Dinoflagellata	Syndiniales	Dino-Group-II	Dino-Group-II-Clade-57	Dino-Group-II-Clade-57_X
3	2	-0.010625527	241	Eukaryota;Alveolata;Dinoflagellata;Syndiniales;Dino-Group-II;__;__;__;__	Eukaryota	Alveolata	Dinoflagellata	Syndiniales	Dino-Group-II	__	__
3	6	0.090920744	270	Eukaryota;Archaeplastida;Chlorophyta;Chlorophyceae;Chlamydomonadales;Chlamydomonadales_X;__;__;__	Eukaryota	Archaeplastida	Chlorophyta	Chlorophyceae	Chlamydomonadales	Chlamydomonadales_X	__
3	6	0.082304277	269	Eukaryota;Archaeplastida;Chlorophyta;Chlorophyceae;Chlamydomonadales;Chlamydomonadales_X;Chlamydomonas;__;__	Eukaryota	Archaeplastida	Chlorophyta	Chlorophyceae	Chlamydomonadales	Chlamydomonadales_X	Chlamydomonas
3	6	0.109892471	285	Eukaryota;Archaeplastida;Chlorophyta;Mamiellophyceae;Mamiellales;Mamiellaceae;Micromonas;Micromonas_bravo_I;	Eukaryota	Archaeplastida	Chlorophyta	Mamiellophyceae	Mamiellales	Mamiellaceae	Micromonas
3	2	0.070576056	288	Eukaryota;Archaeplastida;Chlorophyta;Mamiellophyceae;Mamiellales;Mamiellaceae;RCC391;RCC391_sp.;	Eukaryota	Archaeplastida	Chlorophyta	Mamiellophyceae	Mamiellales	Mamiellaceae	RCC391
3	5	0.043924069	279	Eukaryota;Archaeplastida;Chlorophyta;Mamiellophyceae;Mamiellales;Bathycoccaceae;Bathycoccus;Bathycoccus_prasinos;	Eukaryota	Archaeplastida	Chlorophyta	Mamiellophyceae	Mamiellales	Bathycoccaceae	Bathycoccus
3	2	0.018996851	287	Eukaryota;Archaeplastida;Chlorophyta;Mamiellophyceae;Mamiellales;Mamiellaceae;Micromonas;Micromonas_commoda_C;	Eukaryota	Archaeplastida	Chlorophyta	Mamiellophyceae	Mamiellales	Mamiellaceae	Micromonas
3	1	-0.081342782	282	Eukaryota;Archaeplastida;Chlorophyta;Mamiellophyceae;Mamiellales;Bathycoccaceae;Ostreococcus;Ostreococcus_tauri;	Eukaryota	Archaeplastida	Chlorophyta	Mamiellophyceae	Mamiellales	Bathycoccaceae	Ostreococcus
3	7	0.077742558	309	Eukaryota;Archaeplastida;Chlorophyta;Pyramimonadales;Pyramimonadales_X;Pyramimonadales_XX;Pyramimonas;Pyramimonas_australis;	Eukaryota	Archaeplastida	Chlorophyta	Pyramimonadales	Pyramimonadales_X	Pyramimonadales_XX	Pyramimonas
3	1	-0.042180198	307	Eukaryota;Archaeplastida;Chlorophyta;Pyramimonadales;Pyramimonadales_X;Pyramimonadales_XX;Pyramimonadales_XXX;Pyramimonadales_XXX_sp.;	Eukaryota	Archaeplastida	Chlorophyta	Pyramimonadales	Pyramimonadales_X	Pyramimonadales_XX	Pyramimonadales_XXX
3	2	0.158454949	317	Eukaryota;Archaeplastida;Chlorophyta;Trebouxiophyceae;Chlorellales;Chlorellales_X;Picochlorum;Picochlorum_sp.;	Eukaryota	Archaeplastida	Chlorophyta	Trebouxiophyceae	Chlorellales	Chlorellales_X	Picochlorum
3	2	0.018020187	319	Eukaryota;Archaeplastida;Chlorophyta;Trebouxiophyceae;Chlorellales;Chlorellales_X;__;__;__	Eukaryota	Archaeplastida	Chlorophyta	Trebouxiophyceae	Chlorellales	Chlorellales_X	__
3	2	-0.024644288	321	Eukaryota;Archaeplastida;Chlorophyta;Trebouxiophyceae;Trebouxiophyceae_X;Trebouxiophyceae_XX;Choricystis;__;__	Eukaryota	Archaeplastida	Chlorophyta	Trebouxiophyceae	Trebouxiophyceae_X	Trebouxiophyceae_XX	Choricystis
3	5	0.046982883	326	Eukaryota;Archaeplastida;Chlorophyta;Ulvophyceae;Ulotrichales;Ulotrichales_X;__;__;__	Eukaryota	Archaeplastida	Chlorophyta	Ulvophyceae	Ulotrichales	Ulotrichales_X	__
3	7	0.033001164	325	Eukaryota;Archaeplastida;Chlorophyta;Ulvophyceae;Ulotrichales;Ulotrichales_X;Gayralia;Gayralia_sp.;	Eukaryota	Archaeplastida	Chlorophyta	Ulvophyceae	Ulotrichales	Ulotrichales_X	Gayralia
3	4	0.134312515	346	Eukaryota;Archaeplastida;__;__;__;__;__;__;__	Eukaryota	Archaeplastida	Other	__	__	__	__
3	6	0.040734546	344	Eukaryota;Archaeplastida;Streptophyta;Klebsormidiophyceae;Klebsormidiophyceae_X;Klebsormidiophyceae_XX;Klebsormidium;__;__	Eukaryota	Archaeplastida	Streptophyta	Klebsormidiophyceae	Klebsormidiophyceae_X	Klebsormidiophyceae_XX	Klebsormidium
3	2	0.098387404	358	Eukaryota;Hacrobia;Cryptophyta;Cryptophyceae;Cryptophyceae_X;Cryptomonadales;Hemiselmis;Hemiselmis_cryptochromatica;	Eukaryota	Hacrobia	Cryptophyta	Cryptophyceae	Cryptophyceae_X	Cryptomonadales	Hemiselmis
3	7	0.095076436	357	Eukaryota;Hacrobia;Cryptophyta;Cryptophyceae;Cryptophyceae_X;Cryptomonadales;Falcomonas;Falcomonas_daucoides;	Eukaryota	Hacrobia	Cryptophyta	Cryptophyceae	Cryptophyceae_X	Cryptomonadales	Falcomonas
3	2	0.070042794	381	Eukaryota;Hacrobia;Haptophyta;Prymnesiophyceae;Prymnesiales;Chrysochromulinaceae;Chrysochromulina;Chrysochromulina_scutellum;	Eukaryota	Hacrobia	Haptophyta	Prymnesiophyceae	Prymnesiales	Chrysochromulinaceae	Chrysochromulina
3	2	0.052568496	387	Eukaryota;Hacrobia;Haptophyta;Prymnesiophyceae;Prymnesiales;Prymnesiaceae;Prymnesium;__;__	Eukaryota	Hacrobia	Haptophyta	Prymnesiophyceae	Prymnesiales	Prymnesiaceae	Prymnesium
3	2	-0.009400992	382	Eukaryota;Hacrobia;Haptophyta;Prymnesiophyceae;Prymnesiales;Chrysochromulinaceae;Chrysochromulina;Chrysochromulina_simplex;	Eukaryota	Hacrobia	Haptophyta	Prymnesiophyceae	Prymnesiales	Chrysochromulinaceae	Chrysochromulina
3	4	0.027274596	394	Eukaryota;Hacrobia;Katablepharidophyta;Katablepharidaceae;Katablepharidales;Katablepharidales_X;Katablepharis;Katablepharis_japonica;	Eukaryota	Hacrobia	Katablepharidophyta	Katablepharidaceae	Katablepharidales	Katablepharidales_X	Katablepharis
3	2	0.008574757	399	Eukaryota;Hacrobia;Picozoa;Picozoa_X;Picozoa_XX;Picozoa_XXX;Picozoa_XXXX;Picozoa_XXXX_sp.;	Eukaryota	Hacrobia	Picozoa	Picozoa_X	Picozoa_XX	Picozoa_XXX	Picozoa_XXXX
3	6	0.11459264	402	Eukaryota;Hacrobia;Telonemia;Telonemia_X;Telonemia_XX;Telonemia-Group-1;Telonema-Group-1;Telonema_subtile;	Eukaryota	Hacrobia	Telonemia	Telonemia_X	Telonemia_XX	Telonemia-Group-1	Telonema-Group-1
3	6	0.082478862	409	Eukaryota;Opisthokonta;Choanoflagellida;Choanoflagellatea;Acanthoecida;Acanthoecidae_Group_G;Acanthoeca;Acanthoeca_spectabilis;	Eukaryota	Opisthokonta	Choanoflagellida	Choanoflagellatea	Acanthoecida	Acanthoecidae_Group_G	Acanthoeca
3	2	0.010309257	441	Eukaryota;Opisthokonta;Fungi;Chytridiomycota;Chytridiomycotina;Chytridiomycetes;Entophlyctis;Entophlyctis_sp.;	Eukaryota	Opisthokonta	Fungi	Chytridiomycota	Chytridiomycotina	Chytridiomycetes	Entophlyctis
3	2	-0.006700464	447	Eukaryota;Opisthokonta;Fungi;Chytridiomycota;Chytridiomycotina;Chytridiomycetes;Rhyzophidiales;Rhyzophidiales_sp.;	Eukaryota	Opisthokonta	Fungi	Chytridiomycota	Chytridiomycotina	Chytridiomycetes	Rhyzophidiales
3	2	0.009865955	462	Eukaryota;Opisthokonta;Mesomycetozoa;Ichthyosporea;Ichthyosphonida;Pseudoperkinsidae;Pseudoperkinsus;Pseudoperkinsus_tapetis;	Eukaryota	Opisthokonta	Mesomycetozoa	Ichthyosporea	Ichthyosphonida	Pseudoperkinsidae	Pseudoperkinsus
3	1	0.018286714	530	Eukaryota;Opisthokonta;Metazoa;__;__;__;__;__;__	Eukaryota	Opisthokonta	Metazoa	__	__	__	__
3	1	0.046149781	469	Eukaryota;Opisthokonta;Metazoa;Annelida;Annelida_X;Annelida_XX;Leitoscoloplos;Leitoscoloplos_robustus;	Eukaryota	Opisthokonta	Metazoa	Annelida	Annelida_X	Annelida_XX	Leitoscoloplos
3	2	-0.018495183	473	Eukaryota;Opisthokonta;Metazoa;Annelida;Annelida_X;Annelida_XX;__;__;__	Eukaryota	Opisthokonta	Metazoa	Annelida	Annelida_X	Annelida_XX	__
3	2	0.002552297	493	Eukaryota;Opisthokonta;Metazoa;Arthropoda;__;__;__;__;__	Eukaryota	Opisthokonta	Metazoa	Arthropoda	__	__	__
3	1	-0.002480183	475	Eukaryota;Opisthokonta;Metazoa;Arthropoda;Crustacea;Branchiopoda;__;__;__	Eukaryota	Opisthokonta	Metazoa	Arthropoda	Crustacea	Branchiopoda	__
3	1	-0.035896767	476	Eukaryota;Opisthokonta;Metazoa;Arthropoda;Crustacea;Crustacea_X;Crustacea_XX;Crustacea_XX_sp.;	Eukaryota	Opisthokonta	Metazoa	Arthropoda	Crustacea	Crustacea_X	Crustacea_XX
3	7	0.045942176	499	Eukaryota;Opisthokonta;Metazoa;Craniata;Craniata_X;Teleostei;__;__;__	Eukaryota	Opisthokonta	Metazoa	Craniata	Craniata_X	Teleostei	__
3	2	0.025350997	506	Eukaryota;Opisthokonta;Metazoa;Mollusca;Bivalvia;Heteroconchia;Mya;Mya_arenaria;	Eukaryota	Opisthokonta	Metazoa	Mollusca	Bivalvia	Heteroconchia	Mya
3	2	0.022309719	503	Eukaryota;Opisthokonta;Metazoa;Mollusca;Bivalvia;Heteroconchia;Macoma;Macoma_balthica;	Eukaryota	Opisthokonta	Metazoa	Mollusca	Bivalvia	Heteroconchia	Macoma
3	6	0.068695265	517	Eukaryota;Opisthokonta;Metazoa;Nemertea;Nemertea_X;Nemertea_XX;__;__;__	Eukaryota	Opisthokonta	Metazoa	Nemertea	Nemertea_X	Nemertea_XX	__
3	6	0.082363619	539	Eukaryota;Rhizaria;Cercozoa;Endomyxa;Vampyrellida;Vampyrellida_X;Vampyrellida_XX;Vampyrellida_XX_sp.;	Eukaryota	Rhizaria	Cercozoa	Endomyxa	Vampyrellida	Vampyrellida_X	Vampyrellida_XX
3	2	0.053447321	554	Eukaryota;Rhizaria;Cercozoa;Filosa-Imbricatea;Filosa-Imbricatea_X;Novel-clade-2;Novel-clade-2_X;Novel-clade-2_X_sp.;	Eukaryota	Rhizaria	Cercozoa	Filosa-Imbricatea	Filosa-Imbricatea_X	Novel-clade-2	Novel-clade-2_X
3	6	0.049152002	557	Eukaryota;Rhizaria;Cercozoa;Filosa-Imbricatea;Marimonadida;Marimonadida_X;__;__;__	Eukaryota	Rhizaria	Cercozoa	Filosa-Imbricatea	Marimonadida	Marimonadida_X	__
3	4	0.117863407	588	Eukaryota;Rhizaria;Cercozoa;Filosa-Thecofilosea;__;__;__;__;__	Eukaryota	Rhizaria	Cercozoa	Filosa-Thecofilosea	__	__	__
3	2	0.104662164	568	Eukaryota;Rhizaria;Cercozoa;Filosa-Thecofilosea;Cryomonadida;Protaspa-lineage;Protaspa-lineage_X;Protaspa-lineage_X_sp.;	Eukaryota	Rhizaria	Cercozoa	Filosa-Thecofilosea	Cryomonadida	Protaspa-lineage	Protaspa-lineage_X
3	4	0.028602037	571	Eukaryota;Rhizaria;Cercozoa;Filosa-Thecofilosea;Cryomonadida;Protaspa-lineage;__;__;__	Eukaryota	Rhizaria	Cercozoa	Filosa-Thecofilosea	Cryomonadida	Protaspa-lineage	__
3	2	0.019117294	581	Eukaryota;Rhizaria;Cercozoa;Filosa-Thecofilosea;Filosa-Thecofilosea_X;Mataza-lineage;Mataza-lineage_X;Mataza-lineage_X_sp.;	Eukaryota	Rhizaria	Cercozoa	Filosa-Thecofilosea	Filosa-Thecofilosea_X	Mataza-lineage	Mataza-lineage_X
3	1	-0.045685081	567	Eukaryota;Rhizaria;Cercozoa;Filosa-Thecofilosea;Cryomonadida;Cryothecomonas-lineage;Cryothecomonas;__;__	Eukaryota	Rhizaria	Cercozoa	Filosa-Thecofilosea	Cryomonadida	Cryothecomonas-lineage	Cryothecomonas
3	6	0.1035753	615	Eukaryota;Stramenopiles;Ochrophyta;Bacillariophyta;Bacillariophyta_X;Polar-centric-Mediophyceae;Thalassiosira;Thalassiosira_pseudonana;	Eukaryota	Stramenopiles	Ochrophyta	Bacillariophyta	Bacillariophyta_X	Polar-centric-Mediophyceae	Thalassiosira
3	6	0.101255764	641	Eukaryota;Stramenopiles;Ochrophyta;Bacillariophyta;Bacillariophyta_X;Raphid-pennate;Navicula;Navicula_gregaria;	Eukaryota	Stramenopiles	Ochrophyta	Bacillariophyta	Bacillariophyta_X	Raphid-pennate	Navicula
3	6	0.085020706	620	Eukaryota;Stramenopiles;Ochrophyta;Bacillariophyta;Bacillariophyta_X;Radial-centric-basal-Coscinodiscophyceae;Melosira;Melosira_nummuloides;	Eukaryota	Stramenopiles	Ochrophyta	Bacillariophyta	Bacillariophyta_X	Radial-centric-basal-Coscinodiscophyceae	Melosira
3	6	0.082478862	639	Eukaryota;Stramenopiles;Ochrophyta;Bacillariophyta;Bacillariophyta_X;Raphid-pennate;Haslea;Haslea_spicula;	Eukaryota	Stramenopiles	Ochrophyta	Bacillariophyta	Bacillariophyta_X	Raphid-pennate	Haslea
3	7	0.080447608	599	Eukaryota;Stramenopiles;Ochrophyta;Bacillariophyta;Bacillariophyta_X;Polar-centric-Mediophyceae;Chaetoceros;Chaetoceros_pumilum;	Eukaryota	Stramenopiles	Ochrophyta	Bacillariophyta	Bacillariophyta_X	Polar-centric-Mediophyceae	Chaetoceros
3	6	0.061535144	630	Eukaryota;Stramenopiles;Ochrophyta;Bacillariophyta;Bacillariophyta_X;Raphid-pennate;Berkeleya;Berkeleya_rutilans;	Eukaryota	Stramenopiles	Ochrophyta	Bacillariophyta	Bacillariophyta_X	Raphid-pennate	Berkeleya
3	6	0.050463713	628	Eukaryota;Stramenopiles;Ochrophyta;Bacillariophyta;Bacillariophyta_X;Raphid-pennate;Amphora;__;__	Eukaryota	Stramenopiles	Ochrophyta	Bacillariophyta	Bacillariophyta_X	Raphid-pennate	Amphora
3	2	0.028587809	592	Eukaryota;Stramenopiles;Ochrophyta;Bacillariophyta;Bacillariophyta_X;Araphid-pennate;Tabularia;Tabularia_tabulata;	Eukaryota	Stramenopiles	Ochrophyta	Bacillariophyta	Bacillariophyta_X	Araphid-pennate	Tabularia
3	2	0.023088638	604	Eukaryota;Stramenopiles;Ochrophyta;Bacillariophyta;Bacillariophyta_X;Polar-centric-Mediophyceae;Cyclotella;Cyclotella_litoralis;	Eukaryota	Stramenopiles	Ochrophyta	Bacillariophyta	Bacillariophyta_X	Polar-centric-Mediophyceae	Cyclotella
3	2	-0.008526441	621	Eukaryota;Stramenopiles;Ochrophyta;Bacillariophyta;Bacillariophyta_X;Radial-centric-basal-Coscinodiscophyceae;Melosira;__;__	Eukaryota	Stramenopiles	Ochrophyta	Bacillariophyta	Bacillariophyta_X	Radial-centric-basal-Coscinodiscophyceae	Melosira
3	4	-0.024375068	629	Eukaryota;Stramenopiles;Ochrophyta;Bacillariophyta;Bacillariophyta_X;Raphid-pennate;Berkeleya;Berkeleya_hyalina;	Eukaryota	Stramenopiles	Ochrophyta	Bacillariophyta	Bacillariophyta_X	Raphid-pennate	Berkeleya
3	6	0.113710311	661	Eukaryota;Stramenopiles;Ochrophyta;Bolidophyceae;Parmales;Parmales_env_2;Parmales_env_2_X;Parmales_env_2_X_sp.;	Eukaryota	Stramenopiles	Ochrophyta	Bolidophyceae	Parmales	Parmales_env_2	Parmales_env_2_X
3	7	0.039430406	662	Eukaryota;Stramenopiles;Ochrophyta;Bolidophyceae;Parmales;Parmales_env_3;Parmales_env_3A;Parmales_env_3A_sp.;	Eukaryota	Stramenopiles	Ochrophyta	Bolidophyceae	Parmales	Parmales_env_3	Parmales_env_3A
3	6	0.065107623	682	Eukaryota;Stramenopiles;Ochrophyta;Chrysophyceae;Chrysophyceae_X;Chrysophyceae_Clade-F;Paraphysomonas;__;__	Eukaryota	Stramenopiles	Ochrophyta	Chrysophyceae	Chrysophyceae_X	Chrysophyceae_Clade-F	Paraphysomonas
3	6	0.031101725	678	Eukaryota;Stramenopiles;Ochrophyta;Chrysophyceae;Chrysophyceae_X;Chrysophyceae_Clade-F;Paraphysomonas;Paraphysomonas_foraminifera;	Eukaryota	Stramenopiles	Ochrophyta	Chrysophyceae	Chrysophyceae_X	Chrysophyceae_Clade-F	Paraphysomonas
3	2	0.025746005	686	Eukaryota;Stramenopiles;Ochrophyta;Chrysophyceae;Chrysophyceae_X;Chrysophyceae_Clade-I;Chrysophyceae_Clade-I_X;Chrysophyceae_Clade-I_X_sp.;	Eukaryota	Stramenopiles	Ochrophyta	Chrysophyceae	Chrysophyceae_X	Chrysophyceae_Clade-I	Chrysophyceae_Clade-I_X
3	7	0.025195963	685	Eukaryota;Stramenopiles;Ochrophyta;Chrysophyceae;Chrysophyceae_X;Chrysophyceae_Clade-H;Chrysophyceae_Clade-H_X;Chrysophyceae_Clade-H_X_sp.;	Eukaryota	Stramenopiles	Ochrophyta	Chrysophyceae	Chrysophyceae_X	Chrysophyceae_Clade-H	Chrysophyceae_Clade-H_X
3	2	0.017900445	672	Eukaryota;Stramenopiles;Ochrophyta;Chrysophyceae;Chrysophyceae_X;Chrysophyceae_Clade-C;Spumella;Spumella_elongata;	Eukaryota	Stramenopiles	Ochrophyta	Chrysophyceae	Chrysophyceae_X	Chrysophyceae_Clade-C	Spumella
3	1	0.063341293	694	Eukaryota;Stramenopiles;Ochrophyta;Dictyochophyceae;Dictyochophyceae_X;Pedinellales;Pedinellales_X;Pedinellales_X_sp.;	Eukaryota	Stramenopiles	Ochrophyta	Dictyochophyceae	Dictyochophyceae_X	Pedinellales	Pedinellales_X
3	6	0.05208193	707	Eukaryota;Stramenopiles;Ochrophyta;Phaeophyceae;Phaeophyceae_X;Phaeophyceae_XX;Ectocarpus;Ectocarpus_siliculosus;	Eukaryota	Stramenopiles	Ochrophyta	Phaeophyceae	Phaeophyceae_X	Phaeophyceae_XX	Ectocarpus
3	1	0.022419175	716	Eukaryota;Stramenopiles;Ochrophyta;Xanthophyceae;Xanthophyceae_X;Xanthophyceae_XX;__;__;__	Eukaryota	Stramenopiles	Ochrophyta	Xanthophyceae	Xanthophyceae_X	Xanthophyceae_XX	__
3	6	0.050460433	736	Eukaryota;Stramenopiles;Stramenopiles_X;Labyrinthulea;Thraustochytriales;Thraustochytriaceae;Labyrinthuloides;Labyrinthuloides_haliotidis;	Eukaryota	Stramenopiles	Stramenopiles	Labyrinthulea	Thraustochytriales	Thraustochytriaceae	Labyrinthuloides
3	1	0.046149781	732	Eukaryota;Stramenopiles;Stramenopiles_X;Labyrinthulea;Labyrinthulales;Labyrinthulaceae;Oblongichytrium;Oblongichytrium_sp.;	Eukaryota	Stramenopiles	Stramenopiles	Labyrinthulea	Labyrinthulales	Labyrinthulaceae	Oblongichytrium
3	7	-0.00741264	739	Eukaryota;Stramenopiles;Stramenopiles_X;Labyrinthulea;Thraustochytriales;Thraustochytriaceae;Thraustochytriaceae_X;Thraustochytriaceae_X_sp.;	Eukaryota	Stramenopiles	Stramenopiles	Labyrinthulea	Thraustochytriales	Thraustochytriaceae	Thraustochytriaceae_X
3	7	0.048621329	769	Eukaryota;Stramenopiles;Stramenopiles_X;MOCH;MOCH-3;MOCH-3_X;MOCH-3_XX;MOCH-3_XX_sp.;	Eukaryota	Stramenopiles	Stramenopiles	MOCH	MOCH-3	MOCH-3_X	MOCH-3_XX
3	7	0.030357716	771	Eukaryota;Stramenopiles;Stramenopiles_X;Oomycota;Oomycota_X;Haliphthorales;Haliphthorales_X;Haliphthorales_X_sp.;	Eukaryota	Stramenopiles	Stramenopiles	Oomycota	Oomycota_X	Haliphthorales	Haliphthorales_X
3	2	0.110682313	784	Eukaryota;Stramenopiles;Stramenopiles_X;Pirsonia_Clade;Pirsonia_Clade_X;Pirsonia_Clade_XX;Pirsonia_Clade__XXX;Pirsonia_Clade__XXX_sp.;	Eukaryota	Stramenopiles	Stramenopiles	Pirsonia_Clade	Pirsonia_Clade_X	Pirsonia_Clade_XX	Pirsonia_Clade__XXX
4	2	0.001960574	13	Eukaryota;Alveolata;Apicomplexa;Apicomplexa_X;__;__;__;__;__	Eukaryota	Alveolata	Apicomplexa	Apicomplexa_X	__	__	__
4	5	0.013865811	59	Eukaryota;Alveolata;Ciliophora;Oligohymenophorea;Scuticociliatia_2;Scuticociliatia_2_X;__;__;__	Eukaryota	Alveolata	Ciliophora	Oligohymenophorea	Scuticociliatia_2	Scuticociliatia_2_X	__
4	1	0.006850322	56	Eukaryota;Alveolata;Ciliophora;Oligohymenophorea;Scuticociliatia_2;Scuticociliatia_2_X;Cyclidium_3;Cyclidium_varibonneti;	Eukaryota	Alveolata	Ciliophora	Oligohymenophorea	Scuticociliatia_2	Scuticociliatia_2_X	Cyclidium_3
4	2	0.037172136	65	Eukaryota;Alveolata;Ciliophora;Phyllopharyngea;Cyrtophoria_8;Dysteriidae;Dysteria_2;Dysteria_2_sp.;	Eukaryota	Alveolata	Ciliophora	Phyllopharyngea	Cyrtophoria_8	Dysteriidae	Dysteria_2
4	1	-0.000835109	68	Eukaryota;Alveolata;Ciliophora;Phyllopharyngea;Synhymenia;Orthodonellidae;Zosterodasys;Zosterodasys_agamalievi;	Eukaryota	Alveolata	Ciliophora	Phyllopharyngea	Synhymenia	Orthodonellidae	Zosterodasys
4	2	0.082018745	109	Eukaryota;Alveolata;Ciliophora;Spirotrichea;Strombidiida;Strombidiidae_K;__;__;__	Eukaryota	Alveolata	Ciliophora	Spirotrichea	Strombidiida	Strombidiidae_K	__
4	6	0.048816899	100	Eukaryota;Alveolata;Ciliophora;Spirotrichea;Strombidiida;Strombidiidae;Strombidium;Strombidium_sp.;	Eukaryota	Alveolata	Ciliophora	Spirotrichea	Strombidiida	Strombidiidae	Strombidium
4	5	0.047862232	127	Eukaryota;Alveolata;Ciliophora;Spirotrichea;Tintinnida;TIN_07;Tintinnopsis_07;__;__	Eukaryota	Alveolata	Ciliophora	Spirotrichea	Tintinnida	TIN_07	Tintinnopsis_07
4	6	0.038652207	121	Eukaryota;Alveolata;Ciliophora;Spirotrichea;Tintinnida;Eutintinnidae;Eutintinnidae_X;Eutintinnidae_X_sp.;	Eukaryota	Alveolata	Ciliophora	Spirotrichea	Tintinnida	Eutintinnidae	Eutintinnidae_X
4	2	0.03857248	101	Eukaryota;Alveolata;Ciliophora;Spirotrichea;Strombidiida;Strombidiidae;__;__;__	Eukaryota	Alveolata	Ciliophora	Spirotrichea	Strombidiida	Strombidiidae	__
4	2	0.147374646	155	Eukaryota;Alveolata;Dinoflagellata;Dinophyceae;Gonyaulacales;Gonyaulacaceae;Gonyaulax;Gonyaulax_spinifera;	Eukaryota	Alveolata	Dinoflagellata	Dinophyceae	Gonyaulacales	Gonyaulacaceae	Gonyaulax
4	2	0.136243116	180	Eukaryota;Alveolata;Dinoflagellata;Dinophyceae;Gymnodiniales;Gymnodiniaceae;__;__;__	Eukaryota	Alveolata	Dinoflagellata	Dinophyceae	Gymnodiniales	Gymnodiniaceae	__
4	6	0.084074615	192	Eukaryota;Alveolata;Dinoflagellata;Dinophyceae;Peridiniales;Heterocapsaceae;Heterocapsa;__;__	Eukaryota	Alveolata	Dinoflagellata	Dinophyceae	Peridiniales	Heterocapsaceae	Heterocapsa
4	1	0.067969763	189	Eukaryota;Alveolata;Dinoflagellata;Dinophyceae;Peridiniales;Diplopsalidaceae;Diplopsalis;__;__	Eukaryota	Alveolata	Dinoflagellata	Dinophyceae	Peridiniales	Diplopsalidaceae	Diplopsalis
4	5	0.062742475	201	Eukaryota;Alveolata;Dinoflagellata;Dinophyceae;Peridiniales;Thoracosphaeraceae;Stoeckeria;Stoeckeria_algicida;	Eukaryota	Alveolata	Dinoflagellata	Dinophyceae	Peridiniales	Thoracosphaeraceae	Stoeckeria
4	2	0.060861629	158	Eukaryota;Alveolata;Dinoflagellata;Dinophyceae;Gonyaulacales;Pyrophacaceae;Fragilidium;Fragilidium_subglobosum;	Eukaryota	Alveolata	Dinoflagellata	Dinophyceae	Gonyaulacales	Pyrophacaceae	Fragilidium
4	1	0.060383744	184	Eukaryota;Alveolata;Dinoflagellata;Dinophyceae;Gymnodiniales;__;__;__;__	Eukaryota	Alveolata	Dinoflagellata	Dinophyceae	Gymnodiniales	__	__
4	2	0.056162701	168	Eukaryota;Alveolata;Dinoflagellata;Dinophyceae;Gymnodiniales;Gymnodiniaceae;Gymnodinium;Gymnodinium_microreticulatum;	Eukaryota	Alveolata	Dinoflagellata	Dinophyceae	Gymnodiniales	Gymnodiniaceae	Gymnodinium
4	2	0.055130949	214	Eukaryota;Alveolata;Dinoflagellata;Dinophyceae;Suessiales;Suessiaceae;__;__;__	Eukaryota	Alveolata	Dinoflagellata	Dinophyceae	Suessiales	Suessiaceae	__
4	2	0.053960441	156	Eukaryota;Alveolata;Dinoflagellata;Dinophyceae;Gonyaulacales;Gonyaulacaceae;Gonyaulax;Gonyaulax_verior;	Eukaryota	Alveolata	Dinoflagellata	Dinophyceae	Gonyaulacales	Gonyaulacaceae	Gonyaulax
4	2	0.05146488	179	Eukaryota;Alveolata;Dinoflagellata;Dinophyceae;Gymnodiniales;Gymnodiniaceae;Polykrikos;__;__	Eukaryota	Alveolata	Dinoflagellata	Dinophyceae	Gymnodiniales	Gymnodiniaceae	Polykrikos
4	2	0.037068529	200	Eukaryota;Alveolata;Dinoflagellata;Dinophyceae;Peridiniales;Thoracosphaeraceae;Scrippsiella;__;__	Eukaryota	Alveolata	Dinoflagellata	Dinophyceae	Peridiniales	Thoracosphaeraceae	Scrippsiella
4	2	0.032785974	202	Eukaryota;Alveolata;Dinoflagellata;Dinophyceae;Peridiniales;Thoracosphaeraceae;Thoracosphaeraceae_X;Thoracosphaeraceae_X_sp.;	Eukaryota	Alveolata	Dinoflagellata	Dinophyceae	Peridiniales	Thoracosphaeraceae	Thoracosphaeraceae_X
4	2	0.032440735	159	Eukaryota;Alveolata;Dinoflagellata;Dinophyceae;Gonyaulacales;Pyrophacaceae;Pyrophacus;Pyrophacus_steinii;	Eukaryota	Alveolata	Dinoflagellata	Dinophyceae	Gonyaulacales	Pyrophacaceae	Pyrophacus
4	6	0.025104225	146	Eukaryota;Alveolata;Dinoflagellata;Dinophyceae;Gonyaulacales;Goniodomataceae;Alexandrium;__;__	Eukaryota	Alveolata	Dinoflagellata	Dinophyceae	Gonyaulacales	Goniodomataceae	Alexandrium
4	2	0.024915605	213	Eukaryota;Alveolata;Dinoflagellata;Dinophyceae;Suessiales;Suessiaceae;Protodinium;Protodinium_simplex;	Eukaryota	Alveolata	Dinoflagellata	Dinophyceae	Suessiales	Suessiaceae	Protodinium
4	6	0.022128481	162	Eukaryota;Alveolata;Dinoflagellata;Dinophyceae;Gymnodiniales;Gymnodiniaceae;Akashiwo;Akashiwo_sanguinea;	Eukaryota	Alveolata	Dinoflagellata	Dinophyceae	Gymnodiniales	Gymnodiniaceae	Akashiwo
4	6	0.015782304	173	Eukaryota;Alveolata;Dinoflagellata;Dinophyceae;Gymnodiniales;Gymnodiniaceae;Gyrodinium;__;__	Eukaryota	Alveolata	Dinoflagellata	Dinophyceae	Gymnodiniales	Gymnodiniaceae	Gyrodinium
4	6	-0.009250478	157	Eukaryota;Alveolata;Dinoflagellata;Dinophyceae;Gonyaulacales;Gonyaulacaceae;Lingulodinium;Lingulodinium_polyedra;	Eukaryota	Alveolata	Dinoflagellata	Dinophyceae	Gonyaulacales	Gonyaulacaceae	Lingulodinium
4	2	0.112226585	227	Eukaryota;Alveolata;Dinoflagellata;Syndiniales;Dino-Group-II;Dino-Group-II-Clade-2;Dino-Group-II-Clade-2_X;Dino-Group-II-Clade-2_X_sp.;	Eukaryota	Alveolata	Dinoflagellata	Syndiniales	Dino-Group-II	Dino-Group-II-Clade-2	Dino-Group-II-Clade-2_X
4	2	0.106308651	232	Eukaryota;Alveolata;Dinoflagellata;Syndiniales;Dino-Group-II;Dino-Group-II-Clade-3;Dino-Group-II-Clade-3_X;Dino-Group-II-Clade-3_X_sp.;	Eukaryota	Alveolata	Dinoflagellata	Syndiniales	Dino-Group-II	Dino-Group-II-Clade-3	Dino-Group-II-Clade-3_X
4	2	0.082291704	239	Eukaryota;Alveolata;Dinoflagellata;Syndiniales;Dino-Group-II;Dino-Group-II_X;Dino-Group-II-Clade-52_X;Dino-Group-II-Clade-52_X_sp.;	Eukaryota	Alveolata	Dinoflagellata	Syndiniales	Dino-Group-II	Dino-Group-II_X	Dino-Group-II-Clade-52_X
4	2	0.050231755	231	Eukaryota;Alveolata;Dinoflagellata;Syndiniales;Dino-Group-II;Dino-Group-II-Clade-39;Dino-Group-II-Clade-39_X;Dino-Group-II-Clade-39_X_sp.;	Eukaryota	Alveolata	Dinoflagellata	Syndiniales	Dino-Group-II	Dino-Group-II-Clade-39	Dino-Group-II-Clade-39_X
4	6	0.029134093	240	Eukaryota;Alveolata;Dinoflagellata;Syndiniales;Dino-Group-II;Dino-Group-II_X;Dino-Group-II_XX;Dino-Group-II_XX_sp.;	Eukaryota	Alveolata	Dinoflagellata	Syndiniales	Dino-Group-II	Dino-Group-II_X	Dino-Group-II_XX
4	3	-0.041089685	244	Eukaryota;Alveolata;Perkinsea;Perkinsida;Perkinsida_X;Perkinsida_XX;Perkinsida_XXX;Perkinsida_XXX_sp.;	Eukaryota	Alveolata	Perkinsea	Perkinsida	Perkinsida_X	Perkinsida_XX	Perkinsida_XXX
4	2	0.06068384	253	Eukaryota;Amoebozoa;Lobosa;Tubulinea;Leptomyxida;Flabellulidae;Paraflabellula;Paraflabellula_hoguae;	Eukaryota	Amoebozoa	Lobosa	Tubulinea	Leptomyxida	Flabellulidae	Paraflabellula
4	2	0.06056749	256	Eukaryota;Apusozoa;Hilomonadea;Planomonadida;Planomonadidae;Planomonadidae_Group-1;Ancyromonas;Ancyromonas_micra;	Eukaryota	Apusozoa	Hilomonadea	Planomonadida	Planomonadidae	Planomonadidae_Group-1	Ancyromonas
4	2	0.066684786	291	Eukaryota;Archaeplastida;Chlorophyta;Mamiellophyceae;__;__;__;__;__	Eukaryota	Archaeplastida	Chlorophyta	Mamiellophyceae	__	__	__
4	1	0.022598718	278	Eukaryota;Archaeplastida;Chlorophyta;Mamiellophyceae;Dolichomastigales;__;__;__;__	Eukaryota	Archaeplastida	Chlorophyta	Mamiellophyceae	Dolichomastigales	__	__
4	2	0.014158667	273	Eukaryota;Archaeplastida;Chlorophyta;Mamiellophyceae;Dolichomastigales;Crustomastigaceae;Crustomastix;Crustomastix_didyma;	Eukaryota	Archaeplastida	Chlorophyta	Mamiellophyceae	Dolichomastigales	Crustomastigaceae	Crustomastix
4	2	0.024984703	296	Eukaryota;Archaeplastida;Chlorophyta;Palmophyllophyceae;Prasinococcales;Prasinococcales-Clade-B;__;__;__	Eukaryota	Archaeplastida	Chlorophyta	Palmophyllophyceae	Prasinococcales	Prasinococcales-Clade-B	__
4	2	0.060633953	299	Eukaryota;Archaeplastida;Chlorophyta;Prasino-Clade-V;Pseudoscourfieldiales;Pycnococcaceae;Pycnococcus;Pycnococcus_provasolii;	Eukaryota	Archaeplastida	Chlorophyta	Prasino-Clade-V	Pseudoscourfieldiales	Pycnococcaceae	Pycnococcus
4	2	0.074656897	313	Eukaryota;Archaeplastida;Chlorophyta;Pyramimonadales;Pyramimonadales_X;Pyramimonadales_XX;__;__;__	Eukaryota	Archaeplastida	Chlorophyta	Pyramimonadales	Pyramimonadales_X	Pyramimonadales_XX	__
4	2	0.013857976	306	Eukaryota;Archaeplastida;Chlorophyta;Pyramimonadales;Pyramimonadales_X;Pyramimonadales_XX;Pterosperma;__;__	Eukaryota	Archaeplastida	Chlorophyta	Pyramimonadales	Pyramimonadales_X	Pyramimonadales_XX	Pterosperma
4	5	0.003923827	304	Eukaryota;Archaeplastida;Chlorophyta;Pyramimonadales;Pyramimonadales_X;Pyramimonadales_XX;Pterosperma;Pterosperma_cristatum;	Eukaryota	Archaeplastida	Chlorophyta	Pyramimonadales	Pyramimonadales_X	Pyramimonadales_XX	Pterosperma
4	2	0.002169503	312	Eukaryota;Archaeplastida;Chlorophyta;Pyramimonadales;Pyramimonadales_X;Pyramimonadales_XX;Pyramimonas;Pyramimonas_obovata;	Eukaryota	Archaeplastida	Chlorophyta	Pyramimonadales	Pyramimonadales_X	Pyramimonadales_XX	Pyramimonas
4	1	0.057298597	352	Eukaryota;Hacrobia;Centroheliozoa;Centroheliozoa_X;Pterocystida;Pterocystida_X;Pterocystida_XX;Pterocystida_XX_sp.;	Eukaryota	Hacrobia	Centroheliozoa	Centroheliozoa_X	Pterocystida	Pterocystida_X	Pterocystida_XX
4	6	0.046009016	392	Eukaryota;Hacrobia;Haptophyta;Prymnesiophyceae;__;__;__;__;__	Eukaryota	Hacrobia	Haptophyta	Prymnesiophyceae	__	__	__
4	2	0.001969807	386	Eukaryota;Hacrobia;Haptophyta;Prymnesiophyceae;Prymnesiales;Prymnesiaceae;Haptolina;__;__	Eukaryota	Hacrobia	Haptophyta	Prymnesiophyceae	Prymnesiales	Prymnesiaceae	Haptolina
4	1	-0.034784647	391	Eukaryota;Hacrobia;Haptophyta;Prymnesiophyceae;Prymnesiales;__;__;__;__	Eukaryota	Hacrobia	Haptophyta	Prymnesiophyceae	Prymnesiales	__	__
4	2	0.07845704	414	Eukaryota;Opisthokonta;Choanoflagellida;Choanoflagellatea;Acanthoecida;Stephanoecidae_Group_D;__;__;__	Eukaryota	Opisthokonta	Choanoflagellida	Choanoflagellatea	Acanthoecida	Stephanoecidae_Group_D	__
4	7	0.029390732	426	Eukaryota;Opisthokonta;Choanoflagellida;Choanoflagellatea;__;__;__;__;__	Eukaryota	Opisthokonta	Choanoflagellida	Choanoflagellatea	__	__	__
4	2	0.029284948	424	Eukaryota;Opisthokonta;Choanoflagellida;Choanoflagellatea;Craspedida;Monosigidae_Group_B;Monosigidae_Group_B_X;Monosigidae_Group_B_X_sp.;	Eukaryota	Opisthokonta	Choanoflagellida	Choanoflagellatea	Craspedida	Monosigidae_Group_B	Monosigidae_Group_B_X
4	1	-0.018051229	449	Eukaryota;Opisthokonta;Fungi;Chytridiomycota;Chytridiomycotina;Chytridiomycetes;Rhyzophidiales_X;Rhyzophidiales_X_sp.;	Eukaryota	Opisthokonta	Fungi	Chytridiomycota	Chytridiomycotina	Chytridiomycetes	Rhyzophidiales_X
4	2	0.02503388	472	Eukaryota;Opisthokonta;Metazoa;Annelida;Annelida_X;Annelida_XX;Pectinaria;__;__	Eukaryota	Opisthokonta	Metazoa	Annelida	Annelida_X	Annelida_XX	Pectinaria
4	5	0.036411046	491	Eukaryota;Opisthokonta;Metazoa;Arthropoda;Crustacea;Maxillopoda;__;__;__	Eukaryota	Opisthokonta	Metazoa	Arthropoda	Crustacea	Maxillopoda	__
4	2	0.001239098	494	Eukaryota;Opisthokonta;Metazoa;Cnidaria;Cnidaria_X;Anthozoa;Diadumene;Diadumene_leucolena;	Eukaryota	Opisthokonta	Metazoa	Cnidaria	Cnidaria_X	Anthozoa	Diadumene
4	2	0.0336924	500	Eukaryota;Opisthokonta;Metazoa;Craniata;Craniata_X;__;__;__;__	Eukaryota	Opisthokonta	Metazoa	Craniata	Craniata_X	__	__
4	2	0.006502395	507	Eukaryota;Opisthokonta;Metazoa;Mollusca;Bivalvia;Ostreoida;Crassostrea;Crassostrea_virginica;	Eukaryota	Opisthokonta	Metazoa	Mollusca	Bivalvia	Ostreoida	Crassostrea
4	1	0.060383744	521	Eukaryota;Opisthokonta;Metazoa;Platyhelminthes;Turbellaria;Polycladida;__;__;__	Eukaryota	Opisthokonta	Metazoa	Platyhelminthes	Turbellaria	Polycladida	__
4	5	0.055754209	519	Eukaryota;Opisthokonta;Metazoa;Platyhelminthes;Turbellaria;Polycladida;Notoplana;Notoplana_australis;	Eukaryota	Opisthokonta	Metazoa	Platyhelminthes	Turbellaria	Polycladida	Notoplana
4	2	0.053820191	528	Eukaryota;Opisthokonta;Metazoa;Rotifera;Rotifera_X;Rotifera_XX;Sinantherina;Sinantherina_socialis;	Eukaryota	Opisthokonta	Metazoa	Rotifera	Rotifera_X	Rotifera_XX	Sinantherina
4	1	-0.019040692	529	Eukaryota;Opisthokonta;Metazoa;Rotifera;Rotifera_X;Rotifera_XX;__;__;__	Eukaryota	Opisthokonta	Metazoa	Rotifera	Rotifera_X	Rotifera_XX	__
4	2	-0.001020857	531	Eukaryota;Opisthokonta;__;__;__;__;__;__;__	Eukaryota	Opisthokonta	Other	__	__	__	__
4	1	0.009522004	589	Eukaryota;Rhizaria;Cercozoa;__;__;__;__;__;__	Eukaryota	Rhizaria	Cercozoa	__	__	__	__
4	2	0.0558213	538	Eukaryota;Rhizaria;Cercozoa;Endomyxa;Vampyrellida;Vampyrellida_X;Thalassomyxa;Thalassomyxa_sp.;	Eukaryota	Rhizaria	Cercozoa	Endomyxa	Vampyrellida	Vampyrellida_X	Thalassomyxa
4	1	0.026496032	534	Eukaryota;Rhizaria;Cercozoa;Endomyxa;Novel-clade-9;Novel-clade-9_X;Novel-clade-9_XX;Novel-clade-9_XX_sp.;	Eukaryota	Rhizaria	Cercozoa	Endomyxa	Novel-clade-9	Novel-clade-9_X	Novel-clade-9_XX
4	2	0.024538087	551	Eukaryota;Rhizaria;Cercozoa;Filosa-Granofilosea;Filosa-Granofilosea_X;he2-lineage;he2-lineage_X;he2-lineage_X_sp.;	Eukaryota	Rhizaria	Cercozoa	Filosa-Granofilosea	Filosa-Granofilosea_X	he2-lineage	he2-lineage_X
4	5	0.043917173	565	Eukaryota;Rhizaria;Cercozoa;Filosa-Thecofilosea;Cryomonadida;Cryomonadida_X;Cryomonadida_XX;Cryomonadida_XX_sp.;	Eukaryota	Rhizaria	Cercozoa	Filosa-Thecofilosea	Cryomonadida	Cryomonadida_X	Cryomonadida_XX
4	7	0.03503343	574	Eukaryota;Rhizaria;Cercozoa;Filosa-Thecofilosea;Ebriida;Botuliformidae;Botuliformidae_X;Botuliformidae_X_sp.;	Eukaryota	Rhizaria	Cercozoa	Filosa-Thecofilosea	Ebriida	Botuliformidae	Botuliformidae_X
4	1	0.019990142	646	Eukaryota;Stramenopiles;Ochrophyta;Bacillariophyta;Bacillariophyta_X;Raphid-pennate;Navicula;__;__	Eukaryota	Stramenopiles	Ochrophyta	Bacillariophyta	Bacillariophyta_X	Raphid-pennate	Navicula
4	2	0.065314048	689	Eukaryota;Stramenopiles;Ochrophyta;Chrysophyceae;Chrysophyceae_X;Chrysophyceae_Clade_C;Ochromonas;__;__	Eukaryota	Stramenopiles	Ochrophyta	Chrysophyceae	Chrysophyceae_X	Chrysophyceae_Clade_C	Ochromonas
4	2	0.019059662	667	Eukaryota;Stramenopiles;Ochrophyta;Chrysophyceae;Chrysophyceae_X;Chrysophyceae_Clade-C;Chrysolepidomonas;Chrysolepidomonas_dendrolepidota;	Eukaryota	Stramenopiles	Ochrophyta	Chrysophyceae	Chrysophyceae_X	Chrysophyceae_Clade-C	Chrysolepidomonas
4	3	0.000212205	690	Eukaryota;Stramenopiles;Ochrophyta;Chrysophyceae;Chrysophyceae_X;__;__;__;__	Eukaryota	Stramenopiles	Ochrophyta	Chrysophyceae	Chrysophyceae_X	__	__
4	7	-0.030848638	679	Eukaryota;Stramenopiles;Ochrophyta;Chrysophyceae;Chrysophyceae_X;Chrysophyceae_Clade-F;Paraphysomonas;Paraphysomonas_imperforata;	Eukaryota	Stramenopiles	Ochrophyta	Chrysophyceae	Chrysophyceae_X	Chrysophyceae_Clade-F	Paraphysomonas
4	7	-0.03123748	687	Eukaryota;Stramenopiles;Ochrophyta;Chrysophyceae;Chrysophyceae_X;Chrysophyceae_Clade_C;Ochromonas;Ochromonas_distigma;	Eukaryota	Stramenopiles	Ochrophyta	Chrysophyceae	Chrysophyceae_X	Chrysophyceae_Clade_C	Ochromonas
4	2	0.058709855	702	Eukaryota;Stramenopiles;Ochrophyta;Dictyochophyceae;Dictyochophyceae_X;__;__;__;__	Eukaryota	Stramenopiles	Ochrophyta	Dictyochophyceae	Dictyochophyceae_X	__	__
4	2	-0.030966721	704	Eukaryota;Stramenopiles;Ochrophyta;Pelagophyceae;Pelagophyceae_X;Pelagophyceae_XX;Pelagophyceae_XXX;Pelagophyceae_XXX_sp.;	Eukaryota	Stramenopiles	Ochrophyta	Pelagophyceae	Pelagophyceae_X	Pelagophyceae_XX	Pelagophyceae_XXX
4	2	0.079978628	729	Eukaryota;Stramenopiles;Stramenopiles_X;Labyrinthulea;Labyrinthulales;Labyrinthulaceae;Aplanochytrium;Aplanochytrium_sp.;	Eukaryota	Stramenopiles	Stramenopiles	Labyrinthulea	Labyrinthulales	Labyrinthulaceae	Aplanochytrium
4	6	0.045160336	749	Eukaryota;Stramenopiles;Stramenopiles_X;MAST;MAST-12;__;__;__;__	Eukaryota	Stramenopiles	Stramenopiles	MAST	MAST-12	__	__
4	1	0.037868454	767	Eukaryota;Stramenopiles;Stramenopiles_X;MAST;MAST-9;MAST-9D;MAST-9D_X;MAST-9D_X_sp.;	Eukaryota	Stramenopiles	Stramenopiles	MAST	MAST-9	MAST-9D	MAST-9D_X
4	6	0.0315297	758	Eukaryota;Stramenopiles;Stramenopiles_X;MAST;MAST-3;MAST-3F;MAST-3F_X;MAST-3F_X_sp.;	Eukaryota	Stramenopiles	Stramenopiles	MAST	MAST-3	MAST-3F	MAST-3F_X
4	7	0.014026801	747	Eukaryota;Stramenopiles;Stramenopiles_X;MAST;MAST-12;MAST-12D;MAST-12D_X;MAST-12D_X_sp.;	Eukaryota	Stramenopiles	Stramenopiles	MAST	MAST-12	MAST-12D	MAST-12D_X
5	1	0.02256699	16	Eukaryota;Alveolata;Ciliophora;CONTH_2;CONTH_2_X;CONTH_2_XX;CONTH_2_XXX;CONTH_2_XXX_sp.;	Eukaryota	Alveolata	Ciliophora	CONTH_2	CONTH_2_X	CONTH_2_XX	CONTH_2_XXX
5	1	0.007490035	21	Eukaryota;Alveolata;Ciliophora;CONThreeP;CONThreeP_X;Urotrichidae;Urotricha;Urotricha_sp.;	Eukaryota	Alveolata	Ciliophora	CONThreeP	CONThreeP_X	Urotrichidae	Urotricha
5	1	-0.008845389	42	Eukaryota;Alveolata;Ciliophora;Oligohymenophorea;Peritrichia_2;Sessilida;__;__;__	Eukaryota	Alveolata	Ciliophora	Oligohymenophorea	Peritrichia_2	Sessilida	__
5	3	0.005359853	62	Eukaryota;Alveolata;Ciliophora;Phyllopharyngea;Cyrtophoria_5;Chlamydodontidae;__;__;__	Eukaryota	Alveolata	Ciliophora	Phyllopharyngea	Cyrtophoria_5	Chlamydodontidae	__
5	1	0.186735816	110	Eukaryota;Alveolata;Ciliophora;Spirotrichea;Strombidiida;Strombidiidae_L;Strombidiidae_L_X;Strombidiidae_L_X_sp.;	Eukaryota	Alveolata	Ciliophora	Spirotrichea	Strombidiida	Strombidiidae_L	Strombidiidae_L_X
5	1	0.156643127	79	Eukaryota;Alveolata;Ciliophora;Spirotrichea;Choreotrichida;Strobilidiidae;Strobilidiidae_X;Strobilidiidae_X_sp.;	Eukaryota	Alveolata	Ciliophora	Spirotrichea	Choreotrichida	Strobilidiidae	Strobilidiidae_X
5	6	0.096844087	129	Eukaryota;Alveolata;Ciliophora;Spirotrichea;Tintinnida;TIN_11;__;__;__	Eukaryota	Alveolata	Ciliophora	Spirotrichea	Tintinnida	TIN_11	__
5	1	0.081529292	118	Eukaryota;Alveolata;Ciliophora;Spirotrichea;Strombidiida;Strombidiidae_R;__;__;__	Eukaryota	Alveolata	Ciliophora	Spirotrichea	Strombidiida	Strombidiidae_R	__
5	1	0.06668967	103	Eukaryota;Alveolata;Ciliophora;Spirotrichea;Strombidiida;Strombidiidae_F;Strombidium_F;Strombidium_F_sp.;	Eukaryota	Alveolata	Ciliophora	Spirotrichea	Strombidiida	Strombidiidae_F	Strombidium_F
5	1	-0.009719638	83	Eukaryota;Alveolata;Ciliophora;Spirotrichea;Choreotrichida;Strobilidiidae_I;Pelagostrobilidium;Pelagostrobilidium_neptuni;	Eukaryota	Alveolata	Ciliophora	Spirotrichea	Choreotrichida	Strobilidiidae_I	Pelagostrobilidium
5	1	-0.015694927	128	Eukaryota;Alveolata;Ciliophora;Spirotrichea;Tintinnida;TIN_11;Tintinnopsis_11;__;__	Eukaryota	Alveolata	Ciliophora	Spirotrichea	Tintinnida	TIN_11	Tintinnopsis_11
5	6	-0.018484174	91	Eukaryota;Alveolata;Ciliophora;Spirotrichea;Euplotia;Uronychiidae;Uronychia;Uronychia_sp.;	Eukaryota	Alveolata	Ciliophora	Spirotrichea	Euplotia	Uronychiidae	Uronychia
5	1	0.201078842	165	Eukaryota;Alveolata;Dinoflagellata;Dinophyceae;Gymnodiniales;Gymnodiniaceae;Balechina;Balechina_pachydermata;	Eukaryota	Alveolata	Dinoflagellata	Dinophyceae	Gymnodiniales	Gymnodiniaceae	Balechina
5	1	0.189901134	141	Eukaryota;Alveolata;Dinoflagellata;Dinophyceae;Gonyaulacales;Goniodomataceae;Alexandrium;Alexandrium_fundyense;	Eukaryota	Alveolata	Dinoflagellata	Dinophyceae	Gonyaulacales	Goniodomataceae	Alexandrium
5	7	0.172450889	191	Eukaryota;Alveolata;Dinoflagellata;Dinophyceae;Peridiniales;Heterocapsaceae;Heterocapsa;Heterocapsa_triquetra;	Eukaryota	Alveolata	Dinoflagellata	Dinophyceae	Peridiniales	Heterocapsaceae	Heterocapsa
5	4	0.067438787	207	Eukaryota;Alveolata;Dinoflagellata;Dinophyceae;Prorocentrales;Prorocentraceae;Prorocentrum;Prorocentrum_sp.;	Eukaryota	Alveolata	Dinoflagellata	Dinophyceae	Prorocentrales	Prorocentraceae	Prorocentrum
5	7	0.065036206	133	Eukaryota;Alveolata;Dinoflagellata;Dinophyceae;Dinophyceae_X;Dinophyceae_XX;Dinophyceae_XXX;Dinophyceae_XXX_sp.;	Eukaryota	Alveolata	Dinoflagellata	Dinophyceae	Dinophyceae_X	Dinophyceae_XX	Dinophyceae_XXX
5	1	-0.031009862	171	Eukaryota;Alveolata;Dinoflagellata;Dinophyceae;Gymnodiniales;Gymnodiniaceae;Gyrodinium;Gyrodinium_dominans;	Eukaryota	Alveolata	Dinoflagellata	Dinophyceae	Gymnodiniales	Gymnodiniaceae	Gyrodinium
5	6	0.074398177	226	Eukaryota;Alveolata;Dinoflagellata;Syndiniales;Dino-Group-II;Dino-Group-II-Clade-26;Dino-Group-II-Clade-26_X;Dino-Group-II-Clade-26_X_sp.;	Eukaryota	Alveolata	Dinoflagellata	Syndiniales	Dino-Group-II	Dino-Group-II-Clade-26	Dino-Group-II-Clade-26_X
5	4	0.040335747	229	Eukaryota;Alveolata;Dinoflagellata;Syndiniales;Dino-Group-II;Dino-Group-II-Clade-32;Dino-Group-II-Clade-32_X;Dino-Group-II-Clade-32_X_sp.;	Eukaryota	Alveolata	Dinoflagellata	Syndiniales	Dino-Group-II	Dino-Group-II-Clade-32	Dino-Group-II-Clade-32_X
5	7	-0.015674297	255	Eukaryota;Apusozoa;Hilomonadea;Planomonadida;Planomonadidae;Planomonadidae_Group-1;Ancyromonas;Ancyromonas_kenti;	Eukaryota	Apusozoa	Hilomonadea	Planomonadida	Planomonadidae	Planomonadidae_Group-1	Ancyromonas
5	1	0.064898019	276	Eukaryota;Archaeplastida;Chlorophyta;Mamiellophyceae;Dolichomastigales;Dolichomastigaceae;Dolichomastigaceae-B;Dolichomastigaceae-B_sp.;	Eukaryota	Archaeplastida	Chlorophyta	Mamiellophyceae	Dolichomastigales	Dolichomastigaceae	Dolichomastigaceae-B
5	1	0.037162021	272	Eukaryota;Archaeplastida;Chlorophyta;Mamiellophyceae;Dolichomastigales;Crustomastigaceae;Crustomastigaceae-AB;Crustomastigaceae-AB_sp.;	Eukaryota	Archaeplastida	Chlorophyta	Mamiellophyceae	Dolichomastigales	Crustomastigaceae	Crustomastigaceae-AB
5	1	0.020393676	275	Eukaryota;Archaeplastida;Chlorophyta;Mamiellophyceae;Dolichomastigales;Crustomastigaceae;__;__;__	Eukaryota	Archaeplastida	Chlorophyta	Mamiellophyceae	Dolichomastigales	Crustomastigaceae	__
5	6	0.076102088	295	Eukaryota;Archaeplastida;Chlorophyta;Palmophyllophyceae;Prasinococcales;Prasinococcales-Clade-B;Prasinoderma;Prasinoderma_sp.;	Eukaryota	Archaeplastida	Chlorophyta	Palmophyllophyceae	Prasinococcales	Prasinococcales-Clade-B	Prasinoderma
5	1	0.075908497	311	Eukaryota;Archaeplastida;Chlorophyta;Pyramimonadales;Pyramimonadales_X;Pyramimonadales_XX;Pyramimonas;Pyramimonas_gelidicola;	Eukaryota	Archaeplastida	Chlorophyta	Pyramimonadales	Pyramimonadales_X	Pyramimonadales_XX	Pyramimonas
5	7	-0.008547085	340	Eukaryota;Archaeplastida;Streptophyta;Embryophyceae;Embryophyceae_X;Embryophyceae_XX;Ruppia;Ruppia_maritima;	Eukaryota	Archaeplastida	Streptophyta	Embryophyceae	Embryophyceae_X	Embryophyceae_XX	Ruppia
5	3	0.079382014	365	Eukaryota;Hacrobia;Cryptophyta;Cryptophyceae;Cryptophyceae_X;Cryptomonadales;Teleaulax;Teleaulax_acuta;	Eukaryota	Hacrobia	Cryptophyta	Cryptophyceae	Cryptophyceae_X	Cryptomonadales	Teleaulax
5	7	0.134625869	372	Eukaryota;Hacrobia;Haptophyta;Haptophyta_X;Haptophyta_XX;Haptophyta_XXX;Haptophyta_XXXX;Haptophyta_XXXX_sp.;	Eukaryota	Hacrobia	Haptophyta	Haptophyta_X	Haptophyta_XX	Haptophyta_XXX	Haptophyta_XXXX
5	4	-0.024752061	390	Eukaryota;Hacrobia;Haptophyta;Prymnesiophyceae;Prymnesiales;Prymnesiophyceae_Clade_B4;Prymnesiophyceae_Clade_B4_X;Prymnesiophyceae_Clade_B4_X_sp.;	Eukaryota	Hacrobia	Haptophyta	Prymnesiophyceae	Prymnesiales	Prymnesiophyceae_Clade_B4	Prymnesiophyceae_Clade_B4_X
5	1	-0.070033248	401	Eukaryota;Hacrobia;Telonemia;Telonemia_X;Telonemia_XX;Telonemia-Group-1;Telonema-Group-1;Telonema_sp.;	Eukaryota	Hacrobia	Telonemia	Telonemia_X	Telonemia_XX	Telonemia-Group-1	Telonema-Group-1
5	1	0.045258301	416	Eukaryota;Opisthokonta;Choanoflagellida;Choanoflagellatea;Acanthoecida;Stephanoecidae_Group_H;Stephanoeca_Group_H;Stephanoeca_cauliculata;	Eukaryota	Opisthokonta	Choanoflagellida	Choanoflagellatea	Acanthoecida	Stephanoecidae_Group_H	Stephanoeca_Group_H
5	1	0.002488183	452	Eukaryota;Opisthokonta;Fungi;Cryptomycota;Cryptomycotina;Cryptomycotina_X;Cryptomycotina_XX;Cryptomycotina_XX_sp.;	Eukaryota	Opisthokonta	Fungi	Cryptomycota	Cryptomycotina	Cryptomycotina_X	Cryptomycotina_XX
5	6	0.067338163	480	Eukaryota;Opisthokonta;Metazoa;Arthropoda;Crustacea;Maxillopoda;Centropages;Centropages_hamatus;	Eukaryota	Opisthokonta	Metazoa	Arthropoda	Crustacea	Maxillopoda	Centropages
5	1	0.080500947	496	Eukaryota;Opisthokonta;Metazoa;Cnidaria;Cnidaria_X;Hydrozoa;Rathkea;Rathkea_octopunctata;	Eukaryota	Opisthokonta	Metazoa	Cnidaria	Cnidaria_X	Hydrozoa	Rathkea
5	7	0.134743282	514	Eukaryota;Opisthokonta;Metazoa;Nematoda;Chromadorea;Chromadorea_X;Halomonhystera;Halomonhystera_disjuncta;	Eukaryota	Opisthokonta	Metazoa	Nematoda	Chromadorea	Chromadorea_X	Halomonhystera
5	3	0.029308671	522	Eukaryota;Opisthokonta;Metazoa;Platyhelminthes;Turbellaria;Prolecithophora;Plagiostomum;Plagiostomum_stellatum;	Eukaryota	Opisthokonta	Metazoa	Platyhelminthes	Turbellaria	Prolecithophora	Plagiostomum
5	7	-0.013298613	537	Eukaryota;Rhizaria;Cercozoa;Endomyxa;Vampyrellida;Sey055-lineage;Sey055-lineage_X;Sey055-lineage_X_sp.;	Eukaryota	Rhizaria	Cercozoa	Endomyxa	Vampyrellida	Sey055-lineage	Sey055-lineage_X
5	7	0.155454914	545	Eukaryota;Rhizaria;Cercozoa;Filosa-Chlorarachnea;Filosa-Chlorarachnea_X;NPK2-lineage;NPK2-lineage_X;NPK2-lineage_X_sp.;	Eukaryota	Rhizaria	Cercozoa	Filosa-Chlorarachnea	Filosa-Chlorarachnea_X	NPK2-lineage	NPK2-lineage_X
5	7	-0.017183632	550	Eukaryota;Rhizaria;Cercozoa;Filosa-Granofilosea;Filosa-Granofilosea_X;Novel-Massiteriidae;Novel-Massiteriidae_X;Novel-Massiteriidae_X_sp.;	Eukaryota	Rhizaria	Cercozoa	Filosa-Granofilosea	Filosa-Granofilosea_X	Novel-Massiteriidae	Novel-Massiteriidae_X
5	7	0.106026872	577	Eukaryota;Rhizaria;Cercozoa;Filosa-Thecofilosea;Ebriida;Ebriidae;Ebria;Ebria_tripartita;	Eukaryota	Rhizaria	Cercozoa	Filosa-Thecofilosea	Ebriida	Ebriidae	Ebria
5	6	0.075277029	587	Eukaryota;Rhizaria;Cercozoa;Filosa-Thecofilosea;Ventricleftida;Verrucomonadidae;Verrucomonas;Verrucomonas_bifida;	Eukaryota	Rhizaria	Cercozoa	Filosa-Thecofilosea	Ventricleftida	Verrucomonadidae	Verrucomonas
5	1	-0.020840331	572	Eukaryota;Rhizaria;Cercozoa;Filosa-Thecofilosea;Cryomonadida;__;__;__;__	Eukaryota	Rhizaria	Cercozoa	Filosa-Thecofilosea	Cryomonadida	__	__
5	7	0.145368886	602	Eukaryota;Stramenopiles;Ochrophyta;Bacillariophyta;Bacillariophyta_X;Polar-centric-Mediophyceae;Chaetoceros;__;__	Eukaryota	Stramenopiles	Ochrophyta	Bacillariophyta	Bacillariophyta_X	Polar-centric-Mediophyceae	Chaetoceros
5	7	0.106026872	657	Eukaryota;Stramenopiles;Ochrophyta;Bacillariophyta;Bacillariophyta_X;Raphid-pennate;Surirella;Surirella_angusta;	Eukaryota	Stramenopiles	Ochrophyta	Bacillariophyta	Bacillariophyta_X	Raphid-pennate	Surirella
5	1	0.034792844	610	Eukaryota;Stramenopiles;Ochrophyta;Bacillariophyta;Bacillariophyta_X;Polar-centric-Mediophyceae;Skeletonema;Skeletonema_marinoi;	Eukaryota	Stramenopiles	Ochrophyta	Bacillariophyta	Bacillariophyta_X	Polar-centric-Mediophyceae	Skeletonema
5	1	-0.019196641	590	Eukaryota;Stramenopiles;Ochrophyta;Bacillariophyta;Bacillariophyta_X;Araphid-pennate;Fragilaria;Fragilaria_famelica;	Eukaryota	Stramenopiles	Ochrophyta	Bacillariophyta	Bacillariophyta_X	Araphid-pennate	Fragilaria
5	1	-0.025473988	634	Eukaryota;Stramenopiles;Ochrophyta;Bacillariophyta;Bacillariophyta_X;Raphid-pennate;Cymbella;__;__	Eukaryota	Stramenopiles	Ochrophyta	Bacillariophyta	Bacillariophyta_X	Raphid-pennate	Cymbella
5	1	0.060680772	695	Eukaryota;Stramenopiles;Ochrophyta;Dictyochophyceae;Dictyochophyceae_X;Pedinellales;Pseudopedinella;Pseudopedinella_elastica;	Eukaryota	Stramenopiles	Ochrophyta	Dictyochophyceae	Dictyochophyceae_X	Pedinellales	Pseudopedinella
5	7	0.145331645	750	Eukaryota;Stramenopiles;Stramenopiles_X;MAST;MAST-1;MAST-1A;MAST-1A_X;MAST-1A_X_sp.;	Eukaryota	Stramenopiles	Stramenopiles	MAST	MAST-1	MAST-1A	MAST-1A_X
5	1	-0.054362748	764	Eukaryota;Stramenopiles;Stramenopiles_X;MAST;MAST-7;MAST-7A;MAST-7A_X;MAST-7A_X_sp.;	Eukaryota	Stramenopiles	Stramenopiles	MAST	MAST-7	MAST-7A	MAST-7A_X
5	1	-0.069810171	752	Eukaryota;Stramenopiles;Stramenopiles_X;MAST;MAST-1;MAST-1C;MAST-1C_X;MAST-1C_X_sp.;	Eukaryota	Stramenopiles	Stramenopiles	MAST	MAST-1	MAST-1C	MAST-1C_X
6	5	0.121710875	17	Eukaryota;Alveolata;Ciliophora;CONTH_3;CONTH_3_X;CONTH_3_XX;CONTH_3_XXX;CONTH_3_XXX_sp.;	Eukaryota	Alveolata	Ciliophora	CONTH_3	CONTH_3_X	CONTH_3_XX	CONTH_3_XXX
6	5	0.186836752	20	Eukaryota;Alveolata;Ciliophora;CONThreeP;CONThreeP_X;CONThreeP_XX;Paraspathidium;Paraspathidium_apofuscum;	Eukaryota	Alveolata	Ciliophora	CONThreeP	CONThreeP_X	CONThreeP_XX	Paraspathidium
6	5	0.204303717	33	Eukaryota;Alveolata;Ciliophora;Oligohymenophorea;Peniculia;Frontoniidae_1;Frontonia_1;Frontonia_subtropica;	Eukaryota	Alveolata	Ciliophora	Oligohymenophorea	Peniculia	Frontoniidae_1	Frontonia_1
6	5	0.122411917	50	Eukaryota;Alveolata;Ciliophora;Oligohymenophorea;Scuticociliatia_2;Pleuronematida;Cyclidium_2;Cyclidium_plouneouri;	Eukaryota	Alveolata	Ciliophora	Oligohymenophorea	Scuticociliatia_2	Pleuronematida	Cyclidium_2
6	7	0.09945687	28	Eukaryota;Alveolata;Ciliophora;Oligohymenophorea;OLIGO8;OLIGO8_X;OLIGO8_XX;OLIGO8_XX_sp.;	Eukaryota	Alveolata	Ciliophora	Oligohymenophorea	OLIGO8	OLIGO8_X	OLIGO8_XX
6	5	0.095194613	35	Eukaryota;Alveolata;Ciliophora;Oligohymenophorea;Peniculia;Peniculida;Frontonia_2;Frontonia_ocularis;	Eukaryota	Alveolata	Ciliophora	Oligohymenophorea	Peniculia	Peniculida	Frontonia_2
6	5	0.078033819	27	Eukaryota;Alveolata;Ciliophora;Oligohymenophorea;OLIGO6;OLIGO6_X;OLIGO6_XX;OLIGO6_XX_sp.;	Eukaryota	Alveolata	Ciliophora	Oligohymenophorea	OLIGO6	OLIGO6_X	OLIGO6_XX
6	1	0.068500714	49	Eukaryota;Alveolata;Ciliophora;Oligohymenophorea;Scuticociliatia_1;Philasterida;Uronemella;Uronemella_sp.;	Eukaryota	Alveolata	Ciliophora	Oligohymenophorea	Scuticociliatia_1	Philasterida	Uronemella
6	5	0.067057197	60	Eukaryota;Alveolata;Ciliophora;Oligohymenophorea;__;__;__;__;__	Eukaryota	Alveolata	Ciliophora	Oligohymenophorea	__	__	__
6	5	0.060281733	54	Eukaryota;Alveolata;Ciliophora;Oligohymenophorea;Scuticociliatia_2;Scuticociliatia_2_X;Cristigera;Cristigera_pleuronemoides;	Eukaryota	Alveolata	Ciliophora	Oligohymenophorea	Scuticociliatia_2	Scuticociliatia_2_X	Cristigera
6	4	0.036845463	57	Eukaryota;Alveolata;Ciliophora;Oligohymenophorea;Scuticociliatia_2;Scuticociliatia_2_X;Cyclidium_3;__;__	Eukaryota	Alveolata	Ciliophora	Oligohymenophorea	Scuticociliatia_2	Scuticociliatia_2_X	Cyclidium_3
6	7	-0.018400644	51	Eukaryota;Alveolata;Ciliophora;Oligohymenophorea;Scuticociliatia_2;Pleuronematida;Pleuronema;Pleuronema_coronatum;	Eukaryota	Alveolata	Ciliophora	Oligohymenophorea	Scuticociliatia_2	Pleuronematida	Pleuronema
6	5	0.123501389	72	Eukaryota;Alveolata;Ciliophora;Plagiopylea;Plagiopylea_X;Plagiopylidae;Plagiopylidae_X;Plagiopylidae_X_sp.;	Eukaryota	Alveolata	Ciliophora	Plagiopylea	Plagiopylea_X	Plagiopylidae	Plagiopylidae_X
6	5	0.095128377	74	Eukaryota;Alveolata;Ciliophora;Prostomatea_1;Prostomatea_1_X;Colepidae;Pinacocoleps;Pinacocoleps_tesselatus;	Eukaryota	Alveolata	Ciliophora	Prostomatea_1	Prostomatea_1_X	Colepidae	Pinacocoleps
6	1	0.063676362	73	Eukaryota;Alveolata;Ciliophora;Prostomatea_1;Prostomatea_1_X;Colepidae;Coleps;Coleps_nolandi;	Eukaryota	Alveolata	Ciliophora	Prostomatea_1	Prostomatea_1_X	Colepidae	Coleps
6	5	0.144328376	76	Eukaryota;Alveolata;Ciliophora;Prostomatea_3;Prostomatea_3_X;Holophryidae;Prorodon;Prorodon_teres;	Eukaryota	Alveolata	Ciliophora	Prostomatea_3	Prostomatea_3_X	Holophryidae	Prorodon
6	5	0.133663381	102	Eukaryota;Alveolata;Ciliophora;Spirotrichea;Strombidiida;Strombidiidae_E;Strombidium_E;Strombidium_E_sp.;	Eukaryota	Alveolata	Ciliophora	Spirotrichea	Strombidiida	Strombidiidae_E	Strombidium_E
6	4	0.096588352	98	Eukaryota;Alveolata;Ciliophora;Spirotrichea;Strombidiida;Strombidiidae;Novistrombidium;Novistrombidium_apsheronicum;	Eukaryota	Alveolata	Ciliophora	Spirotrichea	Strombidiida	Strombidiidae	Novistrombidium
6	5	0.094965517	85	Eukaryota;Alveolata;Ciliophora;Spirotrichea;Choreotrichida;Strombidinopsidae;Strombidinopsis;Strombidinopsis_acuminata;	Eukaryota	Alveolata	Ciliophora	Spirotrichea	Choreotrichida	Strombidinopsidae	Strombidinopsis
6	4	0.059085523	107	Eukaryota;Alveolata;Ciliophora;Spirotrichea;Strombidiida;Strombidiidae_K;Strombidium_K;Strombidium_capitatum;	Eukaryota	Alveolata	Ciliophora	Spirotrichea	Strombidiida	Strombidiidae_K	Strombidium_K
6	3	0.058067826	131	Eukaryota;Alveolata;Ciliophora;Spirotrichea;__;__;__;__;__	Eukaryota	Alveolata	Ciliophora	Spirotrichea	__	__	__
6	5	0.047971882	112	Eukaryota;Alveolata;Ciliophora;Spirotrichea;Strombidiida;Strombidiidae_N;Strombidium_N;Strombidium_guangdongense;	Eukaryota	Alveolata	Ciliophora	Spirotrichea	Strombidiida	Strombidiidae_N	Strombidium_N
6	1	0.0334442	88	Eukaryota;Alveolata;Ciliophora;Spirotrichea;Euplotia;Aspidiscidae;Aspidisca;Aspidisca_sp.;	Eukaryota	Alveolata	Ciliophora	Spirotrichea	Euplotia	Aspidiscidae	Aspidisca
6	5	0.016320912	81	Eukaryota;Alveolata;Ciliophora;Spirotrichea;Choreotrichida;Strobilidiidae_A;Rimostrombidium_A;Rimostrombidium_veniliae;	Eukaryota	Alveolata	Ciliophora	Spirotrichea	Choreotrichida	Strobilidiidae_A	Rimostrombidium_A
6	7	0.00590017	115	Eukaryota;Alveolata;Ciliophora;Spirotrichea;Strombidiida;Strombidiidae_R;Strombidium_R;Strombidium_basimorphum;	Eukaryota	Alveolata	Ciliophora	Spirotrichea	Strombidiida	Strombidiidae_R	Strombidium_R
6	1	0.003234838	125	Eukaryota;Alveolata;Ciliophora;Spirotrichea;Tintinnida;TIN_01;Tintinnopsis_01;Tintinnopsis_major;	Eukaryota	Alveolata	Ciliophora	Spirotrichea	Tintinnida	TIN_01	Tintinnopsis_01
6	7	-0.02011413	113	Eukaryota;Alveolata;Ciliophora;Spirotrichea;Strombidiida;Strombidiidae_N;Strombidium_N;Strombidium_purpureum;	Eukaryota	Alveolata	Ciliophora	Spirotrichea	Strombidiida	Strombidiidae_N	Strombidium_N
6	7	0.160995039	193	Eukaryota;Alveolata;Dinoflagellata;Dinophyceae;Peridiniales;Kryptoperidiniaceae;Durinskia;Durinskia_dybowskii;	Eukaryota	Alveolata	Dinoflagellata	Dinophyceae	Peridiniales	Kryptoperidiniaceae	Durinskia
6	5	0.09568641	147	Eukaryota;Alveolata;Dinoflagellata;Dinophyceae;Gonyaulacales;Goniodomataceae;Pyrodinium;__;__	Eukaryota	Alveolata	Dinoflagellata	Dinophyceae	Gonyaulacales	Goniodomataceae	Pyrodinium
6	5	0.094889553	194	Eukaryota;Alveolata;Dinoflagellata;Dinophyceae;Peridiniales;Peridiniales_X;Bysmatrum;Bysmatrum_gregarium;	Eukaryota	Alveolata	Dinoflagellata	Dinophyceae	Peridiniales	Peridiniales_X	Bysmatrum
6	5	0.050446917	142	Eukaryota;Alveolata;Dinoflagellata;Dinophyceae;Gonyaulacales;Goniodomataceae;Alexandrium;Alexandrium_margalefii;	Eukaryota	Alveolata	Dinoflagellata	Dinophyceae	Gonyaulacales	Goniodomataceae	Alexandrium
6	5	0.041561844	152	Eukaryota;Alveolata;Dinoflagellata;Dinophyceae;Gonyaulacales;Gonyaulacaceae;Gonyaulax;Gonyaulax_cochlea;	Eukaryota	Alveolata	Dinoflagellata	Dinophyceae	Gonyaulacales	Gonyaulacaceae	Gonyaulax
6	4	0.040491367	153	Eukaryota;Alveolata;Dinoflagellata;Dinophyceae;Gonyaulacales;Gonyaulacaceae;Gonyaulax;Gonyaulax_fragilis;	Eukaryota	Alveolata	Dinoflagellata	Dinophyceae	Gonyaulacales	Gonyaulacaceae	Gonyaulax
6	1	0.02527148	178	Eukaryota;Alveolata;Dinoflagellata;Dinophyceae;Gymnodiniales;Gymnodiniaceae;Polykrikos;Polykrikos_tanit;	Eukaryota	Alveolata	Dinoflagellata	Dinophyceae	Gymnodiniales	Gymnodiniaceae	Polykrikos
6	3	0.024289871	196	Eukaryota;Alveolata;Dinoflagellata;Dinophyceae;Peridiniales;Thoracosphaeraceae;Luciella;Luciella_sp.;	Eukaryota	Alveolata	Dinoflagellata	Dinophyceae	Peridiniales	Thoracosphaeraceae	Luciella
6	4	0.022031814	181	Eukaryota;Alveolata;Dinoflagellata;Dinophyceae;Gymnodiniales;Gymnodiniales_X;Levanderina;Levanderina_fissa;	Eukaryota	Alveolata	Dinoflagellata	Dinophyceae	Gymnodiniales	Gymnodiniales_X	Levanderina
6	1	-0.01752657	219	Eukaryota;Alveolata;Dinoflagellata;Oxyrrhea;Oxyrrhinales;Oxyrrhinaceae;Oxyrrhis;__;__	Eukaryota	Alveolata	Dinoflagellata	Oxyrrhea	Oxyrrhinales	Oxyrrhinaceae	Oxyrrhis
6	4	0.13689683	238	Eukaryota;Alveolata;Dinoflagellata;Syndiniales;Dino-Group-II;Dino-Group-II-Clade-5;Dino-Group-II-Clade-5_X;Dino-Group-II-Clade-5_X_sp.;	Eukaryota	Alveolata	Dinoflagellata	Syndiniales	Dino-Group-II	Dino-Group-II-Clade-5	Dino-Group-II-Clade-5_X
6	4	0.079286227	224	Eukaryota;Alveolata;Dinoflagellata;Syndiniales;Dino-Group-II;Dino-Group-II-Clade-14;Dino-Group-II-Clade-14_X;Dino-Group-II-Clade-14_X_sp.;	Eukaryota	Alveolata	Dinoflagellata	Syndiniales	Dino-Group-II	Dino-Group-II-Clade-14	Dino-Group-II-Clade-14_X
6	5	0.068064176	222	Eukaryota;Alveolata;Dinoflagellata;Syndiniales;Dino-Group-I;Dino-Group-I-Clade-4;Euduboscquella;Euduboscquella_crenulata;	Eukaryota	Alveolata	Dinoflagellata	Syndiniales	Dino-Group-I	Dino-Group-I-Clade-4	Euduboscquella
6	2	0.019093204	230	Eukaryota;Alveolata;Dinoflagellata;Syndiniales;Dino-Group-II;Dino-Group-II-Clade-33;Dino-Group-II-Clade-33_X;Dino-Group-II-Clade-33_X_sp.;	Eukaryota	Alveolata	Dinoflagellata	Syndiniales	Dino-Group-II	Dino-Group-II-Clade-33	Dino-Group-II-Clade-33_X
6	4	-0.003575259	234	Eukaryota;Alveolata;Dinoflagellata;Syndiniales;Dino-Group-II;Dino-Group-II-Clade-4;Dino-Group-II-Clade-4_X;Dino-Group-II-Clade-4_X_sp.;	Eukaryota	Alveolata	Dinoflagellata	Syndiniales	Dino-Group-II	Dino-Group-II-Clade-4	Dino-Group-II-Clade-4_X
6	4	0.114924484	247	Eukaryota;Alveolata;__;__;__;__;__;__;__	Eukaryota	Alveolata	Other	__	__	__	__
6	5	0.066302263	297	Eukaryota;Archaeplastida;Chlorophyta;Pedinophyceae;Marsupiomonadales;Marsupiomonadaceae;Marsupiomonas;Marsupiomonas_pelliculata;	Eukaryota	Archaeplastida	Chlorophyta	Pedinophyceae	Marsupiomonadales	Marsupiomonadaceae	Marsupiomonas
6	5	0.038477642	302	Eukaryota;Archaeplastida;Chlorophyta;Prasino-Clade-V;Pseudoscourfieldiales;Pycnococcaceae;__;__;__	Eukaryota	Archaeplastida	Chlorophyta	Prasino-Clade-V	Pseudoscourfieldiales	Pycnococcaceae	__
6	5	0.010593583	347	Eukaryota;Excavata;Discoba;Jakobida;Jakobida_X;Jakobida_XX;Jakobida_XXX;Jakobida_XXX_sp.;	Eukaryota	Excavata	Discoba	Jakobida	Jakobida_X	Jakobida_XX	Jakobida_XXX
6	4	0.130229065	351	Eukaryota;Hacrobia;Centroheliozoa;Centroheliozoa_X;Microhelida;Microhelida_X;Microhelida_XX;Microhelida_XX_sp.;	Eukaryota	Hacrobia	Centroheliozoa	Centroheliozoa_X	Microhelida	Microhelida_X	Microhelida_XX
6	5	0.098050981	361	Eukaryota;Hacrobia;Cryptophyta;Cryptophyceae;Cryptophyceae_X;Cryptomonadales;Proteomonas;Proteomonas_sulcata;	Eukaryota	Hacrobia	Cryptophyta	Cryptophyceae	Cryptophyceae_X	Cryptomonadales	Proteomonas
6	7	0.025299939	368	Eukaryota;Hacrobia;Cryptophyta;Cryptophyceae;Cryptophyceae_X;Goniomonadales;Goniomonadales_X;Goniomonadales_X_sp.;	Eukaryota	Hacrobia	Cryptophyta	Cryptophyceae	Cryptophyceae_X	Goniomonadales	Goniomonadales_X
6	2	0.012675519	364	Eukaryota;Hacrobia;Cryptophyta;Cryptophyceae;Cryptophyceae_X;Cryptomonadales;Rhodomonas;__;__	Eukaryota	Hacrobia	Cryptophyta	Cryptophyceae	Cryptophyceae_X	Cryptomonadales	Rhodomonas
6	7	0.090997332	370	Eukaryota;Hacrobia;Hacrobia_X;Hacrobia_XX;Hacrobia_XXX;Hacrobia_XXXX;Palpitomonas;Palpitomonas_bilix;	Eukaryota	Hacrobia	Hacrobia	Hacrobia_XX	Hacrobia_XXX	Hacrobia_XXXX	Palpitomonas
6	5	0.174592023	375	Eukaryota;Hacrobia;Haptophyta;Pavlovophyceae;Pavlovales;Pavlovaceae;Rebecca;Rebecca_salina;	Eukaryota	Hacrobia	Haptophyta	Pavlovophyceae	Pavlovales	Pavlovaceae	Rebecca
6	4	0.011746778	396	Eukaryota;Hacrobia;Katablepharidophyta;Katablepharidaceae;Katablepharidales;Katablepharidales_X;Leucocryptos;Leucocryptos_sp.;	Eukaryota	Hacrobia	Katablepharidophyta	Katablepharidaceae	Katablepharidales	Katablepharidales_X	Leucocryptos
6	1	-0.026711148	407	Eukaryota;Hacrobia;Telonemia;Telonemia_X;Telonemia_XX;Telonemia-Group-2;Telonemia-Group-2_X;Telonemia-Group-2_X_sp.;	Eukaryota	Hacrobia	Telonemia	Telonemia_X	Telonemia_XX	Telonemia-Group-2	Telonemia-Group-2_X
6	4	-0.029122345	404	Eukaryota;Hacrobia;Telonemia;Telonemia_X;Telonemia_XX;Telonemia-Group-1;Telonemia-Group-1_X;Telonemia-Group-1_X_sp.;	Eukaryota	Hacrobia	Telonemia	Telonemia_X	Telonemia_XX	Telonemia-Group-1	Telonemia-Group-1_X
6	2	0.116462265	412	Eukaryota;Opisthokonta;Choanoflagellida;Choanoflagellatea;Acanthoecida;Acanthoecidae_Group_G;__;__;__	Eukaryota	Opisthokonta	Choanoflagellida	Choanoflagellatea	Acanthoecida	Acanthoecidae_Group_G	__
6	7	0.073848092	455	Eukaryota;Opisthokonta;Fungi;__;__;__;__;__;__	Eukaryota	Opisthokonta	Fungi	__	__	__	__
6	7	0.042928474	454	Eukaryota;Opisthokonta;Fungi;Fungi_X;Fungi_XX;Fungi_XXX;Fungi_XXXX;Fungi_XXXX_sp.;	Eukaryota	Opisthokonta	Fungi	Fungi_X	Fungi_XX	Fungi_XXX	Fungi_XXXX
6	7	0.028190785	540	Eukaryota;Rhizaria;Cercozoa;Endomyxa;Vampyrellida;Vampyrellida_X;Vampyrellida_clade_B;Vampyrellida_sp.;	Eukaryota	Rhizaria	Cercozoa	Endomyxa	Vampyrellida	Vampyrellida_X	Vampyrellida_clade_B
6	5	0.087050026	580	Eukaryota;Rhizaria;Cercozoa;Filosa-Thecofilosea;Filosa-Thecofilosea_X;Filosa-Thecofilosea_XX;Filosa-Thecofilosea_XXX;Filosa-Thecofilosea_XXX_sp.;	Eukaryota	Rhizaria	Cercozoa	Filosa-Thecofilosea	Filosa-Thecofilosea_X	Filosa-Thecofilosea_XX	Filosa-Thecofilosea_XXX
6	4	0.058248073	576	Eukaryota;Rhizaria;Cercozoa;Filosa-Thecofilosea;Ebriida;Ebriida_X;Ebriida_XX;Ebriida_XX_sp.;	Eukaryota	Rhizaria	Cercozoa	Filosa-Thecofilosea	Ebriida	Ebriida_X	Ebriida_XX
6	3	0.021599917	717	Eukaryota;Stramenopiles;Ochrophyta;__;__;__;__;__;__	Eukaryota	Stramenopiles	Ochrophyta	__	__	__	__
6	5	0.171310368	611	Eukaryota;Stramenopiles;Ochrophyta;Bacillariophyta;Bacillariophyta_X;Polar-centric-Mediophyceae;Skeletonema;__;__	Eukaryota	Stramenopiles	Ochrophyta	Bacillariophyta	Bacillariophyta_X	Polar-centric-Mediophyceae	Skeletonema
6	5	0.133564839	596	Eukaryota;Stramenopiles;Ochrophyta;Bacillariophyta;Bacillariophyta_X;Polar-centric-Mediophyceae;Chaetoceros;Chaetoceros_jonquieri;	Eukaryota	Stramenopiles	Ochrophyta	Bacillariophyta	Bacillariophyta_X	Polar-centric-Mediophyceae	Chaetoceros
6	5	0.132809806	619	Eukaryota;Stramenopiles;Ochrophyta;Bacillariophyta;Bacillariophyta_X;Radial-centric-basal-Coscinodiscophyceae;Leptocylindrus;Leptocylindrus_minimus;	Eukaryota	Stramenopiles	Ochrophyta	Bacillariophyta	Bacillariophyta_X	Radial-centric-basal-Coscinodiscophyceae	Leptocylindrus
6	1	0.059544522	609	Eukaryota;Stramenopiles;Ochrophyta;Bacillariophyta;Bacillariophyta_X;Polar-centric-Mediophyceae;Minutocellus;__;__	Eukaryota	Stramenopiles	Ochrophyta	Bacillariophyta	Bacillariophyta_X	Polar-centric-Mediophyceae	Minutocellus
6	3	0.027546932	597	Eukaryota;Stramenopiles;Ochrophyta;Bacillariophyta;Bacillariophyta_X;Polar-centric-Mediophyceae;Chaetoceros;Chaetoceros_muellerii;	Eukaryota	Stramenopiles	Ochrophyta	Bacillariophyta	Bacillariophyta_X	Polar-centric-Mediophyceae	Chaetoceros
6	4	0.010040743	652	Eukaryota;Stramenopiles;Ochrophyta;Bacillariophyta;Bacillariophyta_X;Raphid-pennate;Nitzschia;__;__	Eukaryota	Stramenopiles	Ochrophyta	Bacillariophyta	Bacillariophyta_X	Raphid-pennate	Nitzschia
6	5	0.120740123	683	Eukaryota;Stramenopiles;Ochrophyta;Chrysophyceae;Chrysophyceae_X;Chrysophyceae_Clade-F;__;__;__	Eukaryota	Stramenopiles	Ochrophyta	Chrysophyceae	Chrysophyceae_X	Chrysophyceae_Clade-F	__
6	7	0.058688236	677	Eukaryota;Stramenopiles;Ochrophyta;Chrysophyceae;Chrysophyceae_X;Chrysophyceae_Clade-F;Paraphysomonas;Paraphysomonas_butcheri;	Eukaryota	Stramenopiles	Ochrophyta	Chrysophyceae	Chrysophyceae_X	Chrysophyceae_Clade-F	Paraphysomonas
6	5	0.162535935	701	Eukaryota;Stramenopiles;Ochrophyta;Dictyochophyceae;Dictyochophyceae_X;Rhizochromulinales;__;__;__	Eukaryota	Stramenopiles	Ochrophyta	Dictyochophyceae	Dictyochophyceae_X	Rhizochromulinales	__
6	5	0.136776531	696	Eukaryota;Stramenopiles;Ochrophyta;Dictyochophyceae;Dictyochophyceae_X;Pedinellales;Pseudopedinella;__;__	Eukaryota	Stramenopiles	Ochrophyta	Dictyochophyceae	Dictyochophyceae_X	Pedinellales	Pseudopedinella
6	7	0.076416115	700	Eukaryota;Stramenopiles;Ochrophyta;Dictyochophyceae;Dictyochophyceae_X;Rhizochromulinales;Rhizochromulinales_X;Rhizochromulinales_X_sp.;	Eukaryota	Stramenopiles	Ochrophyta	Dictyochophyceae	Dictyochophyceae_X	Rhizochromulinales	Rhizochromulinales_X
6	5	0.159606766	709	Eukaryota;Stramenopiles;Ochrophyta;Raphidophyceae;Raphidophyceae_X;Raphidophyceae_XX;Chattonella;Chattonella_subsalsa;	Eukaryota	Stramenopiles	Ochrophyta	Raphidophyceae	Raphidophyceae_X	Raphidophyceae_XX	Chattonella
6	5	0.046092719	708	Eukaryota;Stramenopiles;Ochrophyta;Raphidophyceae;Raphidophyceae_X;Raphidophyceae_XX;Chattonella;Chattonella_minima;	Eukaryota	Stramenopiles	Ochrophyta	Raphidophyceae	Raphidophyceae_X	Raphidophyceae_XX	Chattonella
6	4	0.041954222	711	Eukaryota;Stramenopiles;Ochrophyta;Raphidophyceae;Raphidophyceae_X;Raphidophyceae_XX;Chloromorum;Chloromorum_toxicum;	Eukaryota	Stramenopiles	Ochrophyta	Raphidophyceae	Raphidophyceae_X	Raphidophyceae_XX	Chloromorum
6	7	0.014806976	789	Eukaryota;Stramenopiles;__;__;__;__;__;__;__	Eukaryota	Stramenopiles	Other	__	__	__	__
6	7	-0.023514514	788	Eukaryota;Stramenopiles;Stramenopiles_X;__;__;__;__;__;__	Eukaryota	Stramenopiles	Stramenopiles	__	__	__	__
6	5	0.16976871	721	Eukaryota;Stramenopiles;Stramenopiles_X;Bicoecea;Bicoecales;Bicoecaceae;Bicoecaceae_X;Bicoecaceae_X_sp.;	Eukaryota	Stramenopiles	Stramenopiles	Bicoecea	Bicoecales	Bicoecaceae	Bicoecaceae_X
6	3	0.136173289	724	Eukaryota;Stramenopiles;Stramenopiles_X;Bicoecea;Bicoecales;Bicoecaceae;__;__;__	Eukaryota	Stramenopiles	Stramenopiles	Bicoecea	Bicoecales	Bicoecaceae	__
6	5	0.105501656	718	Eukaryota;Stramenopiles;Stramenopiles_X;Bicoecea;Anoecales;Cafeteriaceae;Cafeteria;Cafeteria_minima;	Eukaryota	Stramenopiles	Stramenopiles	Bicoecea	Anoecales	Cafeteriaceae	Cafeteria
6	7	0.035770757	725	Eukaryota;Stramenopiles;Stramenopiles_X;Bicoecea;Pseudodendromonadales;Pseudodendromonadales_X;__;__;__	Eukaryota	Stramenopiles	Stramenopiles	Bicoecea	Pseudodendromonadales	Pseudodendromonadales_X	__
6	1	0.016740288	726	Eukaryota;Stramenopiles;Stramenopiles_X;Bicoecea;__;__;__;__;__	Eukaryota	Stramenopiles	Stramenopiles	Bicoecea	__	__	__
6	4	0.03079901	743	Eukaryota;Stramenopiles;Stramenopiles_X;Labyrinthulea;__;__;__;__;__	Eukaryota	Stramenopiles	Stramenopiles	Labyrinthulea	__	__	__
6	4	0.027784667	737	Eukaryota;Stramenopiles;Stramenopiles_X;Labyrinthulea;Thraustochytriales;Thraustochytriaceae;Labyrinthuloides;Labyrinthuloides_minuta;	Eukaryota	Stramenopiles	Stramenopiles	Labyrinthulea	Thraustochytriales	Thraustochytriaceae	Labyrinthuloides
6	5	0.17820137	753	Eukaryota;Stramenopiles;Stramenopiles_X;MAST;MAST-20;MAST-20_X;MAST-20_XX;MAST-20_XX_sp.;	Eukaryota	Stramenopiles	Stramenopiles	MAST	MAST-20	MAST-20_X	MAST-20_XX
6	2	0.030676093	760	Eukaryota;Stramenopiles;Stramenopiles_X;MAST;MAST-3;MAST-3J;MAST-3J_X;MAST-3J_X_sp.;	Eukaryota	Stramenopiles	Stramenopiles	MAST	MAST-3	MAST-3J	MAST-3J_X
6	5	-0.008565545	763	Eukaryota;Stramenopiles;Stramenopiles_X;MAST;MAST-6;MAST-6_X;MAST-6_XX;MAST-6_XX_sp.;	Eukaryota	Stramenopiles	Stramenopiles	MAST	MAST-6	MAST-6_X	MAST-6_XX
6	7	0.009616402	780	Eukaryota;Stramenopiles;Stramenopiles_X;Oomycota;Oomycota_X;Peronosporales;__;__;__	Eukaryota	Stramenopiles	Stramenopiles	Oomycota	Oomycota_X	Peronosporales	__
6	7	0.018429231	787	Eukaryota;Stramenopiles;Stramenopiles_X;Stramenopiles_XX;Stramenopiles_XXX;Stramenopiles_XXXX;Stramenopiles_XXXXX;Stramenopiles_XXXXX_sp.;	Eukaryota	Stramenopiles	Stramenopiles	Stramenopiles_XX	Stramenopiles_XXX	Stramenopiles_XXXX	Stramenopiles_XXXXX
7	2	-0.03845256	46	Eukaryota;Alveolata;Ciliophora;Oligohymenophorea;Scuticociliatia_1;Philasterida;Parauronema;Parauronema_virginianum;	Eukaryota	Alveolata	Ciliophora	Oligohymenophorea	Scuticociliatia_1	Philasterida	Parauronema
7	5	0.200517278	208	Eukaryota;Alveolata;Dinoflagellata;Dinophyceae;Prorocentrales;Prorocentraceae;Prorocentrum;__;__	Eukaryota	Alveolata	Dinoflagellata	Dinophyceae	Prorocentrales	Prorocentraceae	Prorocentrum
7	5	0.130137277	151	Eukaryota;Alveolata;Dinoflagellata;Dinophyceae;Gonyaulacales;Gonyaulacaceae;Amylax;__;__	Eukaryota	Alveolata	Dinoflagellata	Dinophyceae	Gonyaulacales	Gonyaulacaceae	Amylax
7	4	0.084884097	212	Eukaryota;Alveolata;Dinoflagellata;Dinophyceae;Suessiales;Suessiaceae;Pelagodinium;__;__	Eukaryota	Alveolata	Dinoflagellata	Dinophyceae	Suessiales	Suessiaceae	Pelagodinium
7	5	0.197929514	246	Eukaryota;Alveolata;Perkinsea;Perkinsida;Perkinsida_X;Perkinsida_XX;Perkinsus;Perkinsus_marinus;	Eukaryota	Alveolata	Perkinsea	Perkinsida	Perkinsida_X	Perkinsida_XX	Perkinsus
7	2	0.163434681	283	Eukaryota;Archaeplastida;Chlorophyta;Mamiellophyceae;Mamiellales;Mamiellaceae;Mamiella;Mamiella_gilva;	Eukaryota	Archaeplastida	Chlorophyta	Mamiellophyceae	Mamiellales	Mamiellaceae	Mamiella
7	4	0.08256357	277	Eukaryota;Archaeplastida;Chlorophyta;Mamiellophyceae;Dolichomastigales;Dolichomastigaceae;Dolichomastix;Dolichomastix_tenuilepis;	Eukaryota	Archaeplastida	Chlorophyta	Mamiellophyceae	Dolichomastigales	Dolichomastigaceae	Dolichomastix
7	2	0.148660643	355	Eukaryota;Hacrobia;Cryptophyta;Cryptophyceae;Cryptophyceae_X;Basal_Cryptophyceae-2;Basal_Cryptophyceae-2_X;Basal_Cryptophyceae-2_X_sp.;	Eukaryota	Hacrobia	Cryptophyta	Cryptophyceae	Cryptophyceae_X	Basal_Cryptophyceae-2	Basal_Cryptophyceae-2_X
7	2	0.117325589	367	Eukaryota;Hacrobia;Cryptophyta;Cryptophyceae;Cryptophyceae_X;Cryptophyceae_XX;Cryptophyceae_XXX;Cryptophyceae_XXX_sp.;	Eukaryota	Hacrobia	Cryptophyta	Cryptophyceae	Cryptophyceae_X	Cryptophyceae_XX	Cryptophyceae_XXX
7	5	0.154444325	376	Eukaryota;Hacrobia;Haptophyta;Prymnesiophyceae;Coccolithales;Calyptrosphaeraceae;Calyptrosphaera;Calyptrosphaera_sp.;	Eukaryota	Hacrobia	Haptophyta	Prymnesiophyceae	Coccolithales	Calyptrosphaeraceae	Calyptrosphaera
7	1	0.100647373	383	Eukaryota;Hacrobia;Haptophyta;Prymnesiophyceae;Prymnesiales;Chrysochromulinaceae;Chrysochromulina;Chrysochromulina_sp.;	Eukaryota	Hacrobia	Haptophyta	Prymnesiophyceae	Prymnesiales	Chrysochromulinaceae	Chrysochromulina
7	2	0.046658454	385	Eukaryota;Hacrobia;Haptophyta;Prymnesiophyceae;Prymnesiales;Chrysochromulinaceae;Chrysochromulina;__;__	Eukaryota	Hacrobia	Haptophyta	Prymnesiophyceae	Prymnesiales	Chrysochromulinaceae	Chrysochromulina
7	6	0.238307098	411	Eukaryota;Opisthokonta;Choanoflagellida;Choanoflagellatea;Acanthoecida;Acanthoecidae_Group_G;Savillea;Savillea_micropora;	Eukaryota	Opisthokonta	Choanoflagellida	Choanoflagellatea	Acanthoecida	Acanthoecidae_Group_G	Savillea
7	6	0.109573586	430	Eukaryota;Opisthokonta;Fungi;Ascomycota;Pezizomycotina;__;__;__;__	Eukaryota	Opisthokonta	Fungi	Ascomycota	Pezizomycotina	__	__
7	5	0.144753233	468	Eukaryota;Opisthokonta;Metazoa;Annelida;Annelida_X;Annelida_XX;Heteromastus;Heteromastus_filiformis;	Eukaryota	Opisthokonta	Metazoa	Annelida	Annelida_X	Annelida_XX	Heteromastus
7	5	0.132137828	486	Eukaryota;Opisthokonta;Metazoa;Arthropoda;Crustacea;Maxillopoda;Lamproglena;Lamproglena_chinensis;	Eukaryota	Opisthokonta	Metazoa	Arthropoda	Crustacea	Maxillopoda	Lamproglena
7	5	0.186949462	501	Eukaryota;Opisthokonta;Metazoa;Ctenophora;Ctenophora_X;Ctenophora_XX;__;__;__	Eukaryota	Opisthokonta	Metazoa	Ctenophora	Ctenophora_X	Ctenophora_XX	__
7	1	0.071170286	527	Eukaryota;Opisthokonta;Metazoa;Rotifera;Rotifera_X;Rotifera_XX;Brachionus;Brachionus_plicatilis;	Eukaryota	Opisthokonta	Metazoa	Rotifera	Rotifera_X	Rotifera_XX	Brachionus
7	6	0.059923244	532	Eukaryota;Rhizaria;Cercozoa;Cercozoa_X;Cercozoa_XX;Cercozoa_XXX;Cercozoa_XXXX;Cercozoa_XXXX_sp.;	Eukaryota	Rhizaria	Cercozoa	Cercozoa_X	Cercozoa_XX	Cercozoa_XXX	Cercozoa_XXXX
7	4	0.087586573	555	Eukaryota;Rhizaria;Cercozoa;Filosa-Imbricatea;Marimonadida;Marimonadida_X;Marimonadida_XX;Marimonadida_XX_sp.;	Eukaryota	Rhizaria	Cercozoa	Filosa-Imbricatea	Marimonadida	Marimonadida_X	Marimonadida_XX
7	3	0.022593384	556	Eukaryota;Rhizaria;Cercozoa;Filosa-Imbricatea;Marimonadida;Marimonadida_X;Pseudopirsonia;__;__	Eukaryota	Rhizaria	Cercozoa	Filosa-Imbricatea	Marimonadida	Marimonadida_X	Pseudopirsonia
7	3	0.022593384	569	Eukaryota;Rhizaria;Cercozoa;Filosa-Thecofilosea;Cryomonadida;Protaspa-lineage;Protaspa;Protaspa_grandis;	Eukaryota	Rhizaria	Cercozoa	Filosa-Thecofilosea	Cryomonadida	Protaspa-lineage	Protaspa
7	4	0.162461323	603	Eukaryota;Stramenopiles;Ochrophyta;Bacillariophyta;Bacillariophyta_X;Polar-centric-Mediophyceae;Cyclotella;Cyclotella_cryptica;	Eukaryota	Stramenopiles	Ochrophyta	Bacillariophyta	Bacillariophyta_X	Polar-centric-Mediophyceae	Cyclotella
7	4	0.117053713	642	Eukaryota;Stramenopiles;Ochrophyta;Bacillariophyta;Bacillariophyta_X;Raphid-pennate;Navicula;Navicula_lanceolata;	Eukaryota	Stramenopiles	Ochrophyta	Bacillariophyta	Bacillariophyta_X	Raphid-pennate	Navicula
7	3	0.280250432	665	Eukaryota;Stramenopiles;Ochrophyta;Bolidophyceae;Parmales;Triparmaceae;Triparma;__;__	Eukaryota	Stramenopiles	Ochrophyta	Bolidophyceae	Parmales	Triparmaceae	Triparma
7	5	0.117521054	674	Eukaryota;Stramenopiles;Ochrophyta;Chrysophyceae;Chrysophyceae_X;Chrysophyceae_Clade-C;__;__;__	Eukaryota	Stramenopiles	Ochrophyta	Chrysophyceae	Chrysophyceae_X	Chrysophyceae_Clade-C	__
7	2	0.073193753	681	Eukaryota;Stramenopiles;Ochrophyta;Chrysophyceae;Chrysophyceae_X;Chrysophyceae_Clade-F;Paraphysomonas;Paraphysomonas_vestita;	Eukaryota	Stramenopiles	Ochrophyta	Chrysophyceae	Chrysophyceae_X	Chrysophyceae_Clade-F	Paraphysomonas
7	2	0.031195628	698	Eukaryota;Stramenopiles;Ochrophyta;Dictyochophyceae;Dictyochophyceae_X;Pedinellales;__;__;__	Eukaryota	Stramenopiles	Ochrophyta	Dictyochophyceae	Dictyochophyceae_X	Pedinellales	__
7	2	0.063795135	745	Eukaryota;Stramenopiles;Stramenopiles_X;MAST;MAST-12;MAST-12A;MAST-12A_X;MAST-12A_X_sp.;	Eukaryota	Stramenopiles	Stramenopiles	MAST	MAST-12	MAST-12A	MAST-12A_X
7	2	0.212100105	782	Eukaryota;Stramenopiles;Stramenopiles_X;Oomycota;Oomycota_X;__;__;__;__	Eukaryota	Stramenopiles	Stramenopiles	Oomycota	Oomycota_X	__	__
7	3	0.245172254	786	Eukaryota;Stramenopiles;Stramenopiles_X;Stramenopiles_X-Group-6;Stramenopiles_X-Group-6_X;Stramenopiles_X-Group-6_XX;Stramenopiles_X-Group-6_XXX;Stramenopiles_X-Group-6_XXX_sp.;	Eukaryota	Stramenopiles	Stramenopiles	Stramenopiles_X-Group-6	Stramenopiles_X-Group-6_X	Stramenopiles_X-Group-6_XX	Stramenopiles_X-Group-6_XXX